Dates,Portfolio1,Portfolio2,Portfolio3,Portfolio4,Portfolio5,Portfolio6,,,RX = Mean,HML = P6 - P1,,,Dates,Aggregate Equity Volatility,,
11/30/1983,-1.30%,-2.70%,-2.67%,0.51%,-2.30%,-1.62%,,,-1.68%,-0.32%,,,11/30/1983,0.00872449998892565,,-1.68%
12/30/1983,-1.45%,-1.68%,-1.34%,0.02%,-1.13%,-0.54%,,,-1.02%,0.91%,,,12/31/1983,0.00958690337196586,0.000862403383040214,-1.02%
1/31/1984,-3.89%,-3.81%,-1.63%,-3.87%,-3.60%,-2.42%,,,-3.21%,1.47%,,,1/31/1984,0.0182732906556932,0.00868638728372733,-3.21%
2/29/1984,3.63%,8.28%,7.87%,0.31%,-0.08%,7.46%,,,4.58%,3.84%,,,2/29/1984,0.00903350006502378,-0.00923979059066942,4.58%
3/30/1984,0.14%,-0.16%,3.71%,-0.60%,-3.26%,-0.13%,,,-0.05%,-0.28%,,,3/31/1984,0.00765506775888631,-0.00137843230613747,-0.05%
4/30/1984,-4.74%,-5.17%,-1.44%,-0.28%,-4.82%,-3.25%,,,-3.28%,1.48%,,,4/30/1984,0.00744062342126699,-0.000214444337619322,-3.28%
5/31/1984,-1.31%,-0.95%,-1.05%,-2.44%,-0.98%,-0.55%,,,-1.21%,0.76%,,,5/31/1984,0.0128168252548396,0.00537620183357261,-1.21%
6/29/1984,-3.59%,-2.18%,-2.15%,-2.87%,-2.24%,-1.88%,,,-2.49%,1.70%,,,6/30/1984,0.00682388485100034,-0.00599294040383925,-2.49%
7/31/1984,-5.82%,-4.84%,-5.10%,-3.67%,-3.85%,-5.61%,,,-4.82%,0.20%,,,7/31/1984,0.00812586008701181,0.00130197523601147,-4.82%
8/31/1984,1.51%,0.10%,1.05%,0.48%,0.38%,1.48%,,,0.83%,-0.03%,,,8/31/1984,0.0159385051601691,0.00781264507315727,0.83%
9/28/1984,-5.03%,-6.19%,-6.09%,-2.57%,-5.78%,-4.08%,,,-4.96%,0.96%,,,9/30/1984,0.00933393253755263,-0.00660457262261645,-4.96%
10/31/1984,0.40%,0.55%,-0.08%,0.52%,0.75%,-2.51%,,,-0.06%,-2.91%,,,10/31/1984,0.00499418055017259,-0.00433975198738005,-0.06%
11/30/1984,-2.45%,-2.44%,-2.50%,-0.92%,-0.19%,-0.45%,,,-1.49%,2.00%,,,11/30/1984,0.00539379006943481,0.000399609519262226,-1.49%
12/31/1984,-2.42%,-2.07%,-2.04%,-1.84%,0.04%,-2.61%,,,-1.82%,-0.19%,,,12/31/1984,0.00557695038201997,0.00018316031258516,-1.82%
1/31/1985,-1.00%,-1.36%,-0.45%,-0.23%,-1.90%,0.02%,,,-0.82%,1.02%,,,1/31/1985,0.0169718012193203,0.0113948508373003,-0.82%
2/28/1985,-5.95%,-3.30%,-3.58%,-4.08%,-6.76%,-3.44%,,,-4.52%,2.51%,,,2/28/1985,0.00736515912891636,-0.00960664209040396,-4.52%
3/29/1985,6.95%,4.59%,4.27%,5.77%,5.08%,8.13%,,,5.80%,1.18%,,,3/31/1985,0.00500153433637694,-0.00236362479253942,5.80%
4/30/1985,-0.51%,-0.58%,-0.26%,0.74%,-2.63%,-0.58%,,,-0.64%,-0.07%,,,4/30/1985,0.0108999202529789,0.00589838591660197,-0.64%
5/31/1985,0.57%,0.52%,0.68%,1.24%,2.58%,1.22%,,,1.13%,0.64%,,,5/31/1985,0.0103833104268538,-0.000516609826125147,1.13%
6/28/1985,0.56%,0.67%,1.46%,0.96%,1.45%,4.16%,,,1.54%,3.60%,,,6/30/1985,0.00913774659442884,-0.00124556383242493,1.54%
7/31/1985,6.41%,4.33%,3.01%,7.77%,6.69%,1.99%,,,5.03%,-4.42%,,,7/31/1985,0.0098414992437279,0.000703752649299066,5.03%
8/30/1985,-0.76%,-1.60%,-0.80%,-0.18%,-0.83%,1.44%,,,-0.45%,2.19%,,,8/31/1985,0.00732576624059635,-0.00251573300313155,-0.45%
9/30/1985,5.06%,2.59%,7.32%,2.25%,3.33%,3.23%,,,3.96%,-1.83%,,,9/30/1985,0.00933897363804805,0.0020132073974517,3.96%
10/31/1985,1.03%,1.58%,0.70%,1.87%,2.53%,3.86%,,,1.93%,2.83%,,,10/31/1985,0.0137235050257008,0.00438453138765278,1.93%
11/29/1985,2.16%,2.42%,2.46%,3.81%,2.43%,0.12%,,,2.23%,-2.04%,,,11/30/1985,0.014841973971416,0.00111846894571517,2.23%
12/31/1985,1.40%,1.18%,1.00%,1.52%,-0.19%,-2.82%,,,0.35%,-4.23%,,,12/31/1985,0.0105099052260406,-0.00433206874537542,0.35%
1/31/1986,1.76%,0.61%,-0.74%,0.87%,5.64%,5.78%,,,2.32%,4.02%,,,1/31/1986,0.00729644363923905,-0.00321346158680153,2.32%
2/28/1986,6.91%,1.95%,2.38%,9.39%,2.90%,4.76%,,,4.72%,-2.15%,,,2/28/1986,0.0141549456981357,0.0068585020588966,4.72%
3/31/1986,-3.99%,-0.34%,-3.90%,-1.27%,-1.52%,0.91%,,,-1.69%,4.90%,,,3/31/1986,0.0235159774514203,0.0093610317532846,-1.69%
4/30/1986,7.13%,2.17%,4.69%,5.06%,3.28%,7.58%,,,4.98%,0.45%,,,4/30/1986,0.0104441073842692,-0.013071870067151,4.98%
5/30/1986,-5.81%,-5.19%,-4.54%,-3.07%,-9.63%,-1.91%,,,-5.03%,3.90%,,,5/31/1986,0.00992883882325085,-0.000515268561018375,-5.03%
6/30/1986,6.36%,2.54%,5.20%,-0.29%,3.70%,-0.66%,,,2.81%,-7.03%,,,6/30/1986,0.0087810998410959,-0.00114773898215494,2.81%
7/31/1986,5.92%,1.80%,1.10%,0.56%,2.79%,-4.46%,,,1.28%,-10.38%,,,7/31/1986,0.0111079399961993,0.00232684015510337,1.28%
8/29/1986,1.33%,1.20%,1.28%,1.32%,1.79%,-0.13%,,,1.13%,-1.46%,,,8/31/1986,0.0166751790848828,0.00556723908868355,1.13%
9/30/1986,-0.33%,0.07%,0.53%,5.28%,-0.69%,1.86%,,,1.12%,2.18%,,,9/30/1986,0.0075447505130078,-0.00913042857187502,1.12%
10/31/1986,-2.43%,-2.47%,-1.37%,-1.28%,-1.70%,2.83%,,,-1.07%,5.26%,,,10/31/1986,0.0122343935971969,0.00468964308418907,-1.07%
11/28/1986,1.38%,3.22%,3.15%,3.41%,2.72%,1.65%,,,2.59%,0.27%,,,11/30/1986,0.00714563996836711,-0.00508875362882975,2.59%
12/31/1986,0.83%,2.38%,1.36%,1.35%,2.72%,3.67%,,,2.05%,2.84%,,,12/31/1986,0.00534187431173421,-0.0018037656566329,2.05%
1/30/1987,2.30%,2.78%,5.03%,4.30%,3.44%,3.04%,,,3.48%,0.74%,,,1/31/1987,0.0150046922286452,0.00966281791691099,3.48%
2/27/1987,-0.14%,0.32%,0.58%,0.86%,1.53%,3.17%,,,1.05%,3.31%,,,2/28/1987,0.0132554245744419,-0.00174926765420329,1.05%
3/31/1987,0.59%,1.99%,1.72%,2.01%,2.91%,4.06%,,,2.21%,3.47%,,,3/31/1987,0.00975574617354102,-0.0034996784009009,2.21%
4/30/1987,1.82%,0.38%,1.27%,-0.28%,0.89%,2.01%,,,1.02%,0.19%,,,4/30/1987,0.00805057413554174,-0.00170517203799928,1.02%
5/29/1987,-2.14%,-0.65%,-1.13%,-0.88%,-1.58%,1.07%,,,-0.88%,3.20%,,,5/31/1987,0.00954403674264895,0.00149346260710722,-0.88%
6/30/1987,-1.44%,-0.33%,-0.58%,-0.44%,-0.28%,2.44%,,,-0.10%,3.89%,,,6/30/1987,0.00903025237811882,-0.000513784364530135,-0.10%
7/31/1987,-2.01%,-0.85%,-0.97%,-0.62%,-1.42%,-2.15%,,,-1.34%,-0.14%,,,7/31/1987,0.0166824874048389,0.00765223502672013,-1.34%
8/31/1987,2.90%,1.66%,1.19%,1.64%,2.33%,3.95%,,,2.28%,1.05%,,,8/31/1987,0.00875990948800073,-0.00792257791683821,2.28%
9/30/1987,-2.38%,-1.01%,-1.02%,-1.07%,0.26%,2.28%,,,-0.49%,4.66%,,,9/30/1987,0.00779870085550741,-0.000961208632493323,-0.49%
10/30/1987,4.46%,3.89%,3.63%,3.31%,4.76%,-3.11%,,,2.82%,-7.57%,,,10/31/1987,0.052366987843802,0.0445682869882946,2.82%
11/30/1987,4.02%,3.83%,2.11%,5.16%,5.29%,6.60%,,,4.50%,2.58%,,,11/30/1987,0.0149525331559608,-0.0374144546878412,4.50%
12/31/1987,4.21%,2.62%,2.73%,2.82%,3.89%,2.43%,,,3.12%,-1.77%,,,12/31/1987,0.00892344741459113,-0.00602908574136969,3.12%
1/29/1988,-3.10%,-4.94%,-3.39%,-5.29%,-3.33%,-2.38%,,,-3.74%,0.72%,,,1/31/1988,0.0187148946359892,0.00979144722139803,-3.74%
2/29/1988,-1.40%,-0.94%,-0.86%,-1.46%,0.52%,1.47%,,,-0.45%,2.87%,,,2/29/1988,0.0198769034821665,0.00116200884617737,-0.45%
3/31/1988,1.11%,0.63%,2.11%,3.58%,0.82%,1.75%,,,1.66%,0.64%,,,3/31/1988,0.0120438864292274,-0.00783301705293911,1.66%
4/29/1988,-1.41%,-0.86%,-1.03%,-0.34%,-0.72%,2.65%,,,-0.29%,4.06%,,,4/30/1988,0.00984508726607751,-0.00219879916314991,-0.29%
5/31/1988,-2.79%,-1.49%,-1.70%,-1.64%,0.99%,-0.20%,,,-1.14%,2.59%,,,5/31/1988,0.0115397933289023,0.00169470606282478,-1.14%
6/30/1988,-6.05%,-3.17%,-5.67%,-4.19%,-2.67%,-2.54%,,,-4.05%,3.51%,,,6/30/1988,0.0125541767128664,0.00101438338396407,-4.05%
7/29/1988,-2.37%,-0.81%,-1.63%,-0.45%,-2.74%,0.39%,,,-1.27%,2.77%,,,7/31/1988,0.00882153475483859,-0.00373264195802778,-1.27%
8/31/1988,-1.58%,-1.95%,-1.16%,-1.21%,-1.39%,-2.38%,,,-1.61%,-0.80%,,,8/31/1988,0.0103619078078025,0.00154037305296389,-1.61%
9/30/1988,-0.32%,0.68%,0.21%,1.01%,0.50%,-0.88%,,,0.20%,-0.57%,,,9/30/1988,0.00910372227033045,-0.00125818553747204,0.20%
10/31/1988,3.98%,3.95%,5.35%,1.42%,3.78%,4.25%,,,3.79%,0.27%,,,10/31/1988,0.0102558426037904,0.00115212033345992,3.79%
11/30/1988,1.44%,2.28%,2.32%,3.64%,3.54%,4.83%,,,3.01%,3.39%,,,11/30/1988,0.00878753195423753,-0.00146831064955284,3.01%
12/30/1988,-2.29%,-3.05%,-1.69%,-0.63%,-1.51%,-2.82%,,,-2.00%,-0.53%,,,12/31/1988,0.0167374176865708,0.00794988573233327,-2.00%
1/31/1989,-4.01%,-3.66%,-5.38%,-0.74%,-3.07%,-0.03%,,,-2.82%,3.98%,,,1/31/1989,0.012967681538385,-0.00376973614818575,-2.82%
2/28/1989,2.60%,0.78%,2.56%,0.56%,1.46%,-4.15%,,,0.63%,-6.75%,,,2/28/1989,0.00849554155588732,-0.00447213998249772,0.63%
3/31/1989,-2.34%,-3.24%,-3.62%,-1.85%,-2.73%,0.16%,,,-2.27%,2.50%,,,3/31/1989,0.0091557432147817,0.000660201658894376,-2.27%
4/28/1989,-0.41%,0.84%,0.66%,0.77%,0.65%,-0.53%,,,0.33%,-0.12%,,,4/30/1989,0.0124754255829523,0.00331968236817058,0.33%
5/31/1989,-2.98%,-4.08%,-5.15%,-2.90%,-3.89%,-5.30%,,,-4.05%,-2.32%,,,5/31/1989,0.0108429010323011,-0.00163252455065115,-4.05%
6/30/1989,-0.61%,1.07%,1.35%,0.33%,0.25%,-0.27%,,,0.35%,0.34%,,,6/30/1989,0.0115387112828533,0.000695810250552204,0.35%
7/31/1989,3.08%,3.26%,4.53%,2.79%,3.21%,4.79%,,,3.61%,1.71%,,,7/31/1989,0.0133391532533999,0.00180044197054654,3.61%
8/31/1989,-2.68%,-4.67%,-2.94%,-3.85%,-0.53%,-2.28%,,,-2.83%,0.40%,,,8/31/1989,0.0210883943746055,0.00774924112120564,-2.83%
9/29/1989,2.60%,2.77%,2.71%,3.77%,1.09%,2.89%,,,2.64%,0.30%,,,9/30/1989,0.0184773306367992,-0.00261106373780633,2.64%
10/31/1989,-0.73%,0.96%,1.15%,0.96%,0.54%,0.85%,,,0.62%,1.57%,,,10/31/1989,0.0116165001113487,-0.00686083052545045,0.62%
11/30/1989,-0.13%,1.47%,3.16%,1.14%,2.51%,0.99%,,,1.52%,1.12%,,,11/30/1989,0.00967315300225304,-0.00194334710909569,1.52%
12/29/1989,0.39%,2.82%,5.31%,4.01%,1.95%,2.57%,,,2.84%,2.18%,,,12/31/1989,0.015247853575751,0.00557470057349794,2.84%
1/31/1990,-0.44%,0.85%,0.44%,1.92%,1.29%,0.90%,,,0.83%,1.34%,,,1/31/1990,0.0150960426818976,-0.000151810893853433,0.83%
2/28/1990,-1.26%,-0.16%,-0.25%,-1.20%,0.02%,0.44%,,,-0.40%,1.71%,,,2/28/1990,0.0109510975124518,-0.00414494516944579,-0.40%
3/30/1990,-3.56%,-0.34%,0.05%,0.19%,0.37%,-0.36%,,,-0.61%,3.20%,,,3/31/1990,0.0111442652562881,0.000193167743836327,-0.61%
4/30/1990,-0.09%,0.48%,2.01%,0.77%,1.52%,0.37%,,,0.84%,0.46%,,,4/30/1990,0.0163410667789893,0.00519680152270118,0.84%
5/31/1990,0.79%,-1.06%,2.87%,-0.65%,-1.05%,1.00%,,,0.32%,0.21%,,,5/31/1990,0.0179449810362314,0.00160391425724217,0.32%
6/29/1990,-0.09%,1.85%,0.58%,1.79%,2.05%,2.54%,,,1.45%,2.63%,,,6/30/1990,0.0106834918773503,-0.0072614891588811,1.45%
7/31/1990,2.15%,4.83%,1.07%,5.14%,4.58%,3.27%,,,3.51%,1.12%,,,7/31/1990,0.00877964911850273,-0.0019038427588476,3.51%
8/31/1990,1.05%,1.62%,0.38%,2.10%,1.20%,1.85%,,,1.37%,0.80%,,,8/31/1990,0.0251822938645746,0.0164026447460718,1.37%
9/28/1990,-0.34%,-0.41%,-0.05%,0.29%,0.12%,0.95%,,,0.09%,1.29%,,,9/30/1990,0.0292965161599544,0.00411422229537982,0.09%
10/31/1990,2.24%,2.88%,3.31%,1.57%,3.29%,0.98%,,,2.38%,-1.26%,,,10/31/1990,0.0161235240183717,-0.0131729921415826,2.38%
11/30/1990,-0.47%,-0.85%,1.05%,0.16%,1.26%,0.54%,,,0.28%,1.01%,,,11/30/1990,0.0127013962942189,-0.0034221277241528,0.28%
12/31/1990,-0.58%,-0.95%,0.07%,-0.20%,-0.80%,-0.57%,,,-0.51%,0.01%,,,12/31/1990,0.00802199076605332,-0.0046794055281656,-0.51%
1/31/1991,0.09%,1.56%,1.67%,1.45%,2.16%,1.72%,,,1.44%,1.62%,,,1/31/1991,0.0111556510244419,0.00313366025838859,1.44%
2/28/1991,0.01%,-0.92%,-3.83%,-2.98%,-2.58%,-0.48%,,,-1.80%,-0.49%,,,2/28/1991,0.0316802821929697,0.0205246311685278,-1.80%
3/29/1991,-5.15%,-6.41%,-4.43%,-10.23%,-5.39%,-6.34%,,,-6.33%,-1.20%,,,3/31/1991,0.0119904965530065,-0.0196897856399633,-6.33%
4/30/1991,0.85%,2.19%,-0.02%,-0.19%,0.41%,0.22%,,,0.58%,-0.62%,,,4/30/1991,0.00888354442443145,-0.00310695212857501,0.58%
5/31/1991,0.28%,-0.60%,-1.11%,-0.24%,-0.95%,-0.98%,,,-0.60%,-1.26%,,,5/31/1991,0.0095114434355981,0.000627899011166654,-0.60%
6/28/1991,-0.34%,-2.32%,-2.05%,-1.77%,-4.06%,-2.47%,,,-2.17%,-2.13%,,,6/30/1991,0.00959730867752341,8.58652419253037E-05,-2.17%
7/31/1991,0.82%,1.38%,-0.20%,4.16%,1.41%,3.36%,,,1.82%,2.55%,,,7/31/1991,0.0100545265155044,0.000457217837980996,1.82%
8/30/1991,0.52%,0.26%,0.63%,0.19%,0.69%,0.42%,,,0.45%,-0.11%,,,8/31/1991,0.00750741611213483,-0.00254711040336958,0.45%
9/30/1991,1.23%,4.40%,1.61%,2.06%,5.50%,4.50%,,,3.22%,3.27%,,,9/30/1991,0.0116475484054297,0.0041401322932949,3.22%
10/31/1991,-0.29%,0.11%,-0.32%,-0.58%,0.06%,-0.07%,,,-0.18%,0.23%,,,10/31/1991,0.00897597397334776,-0.00267157443208197,-0.18%
11/29/1991,0.71%,0.79%,0.65%,0.51%,2.80%,2.37%,,,1.30%,1.65%,,,11/30/1991,0.0133045030293839,0.0043285290560361,1.30%
12/31/1991,1.16%,1.26%,-1.13%,1.69%,7.45%,6.73%,,,2.86%,5.57%,,,12/31/1991,0.00655740772534019,-0.00674709530404367,2.86%
1/31/1992,-0.41%,-0.10%,-0.92%,-0.44%,-4.82%,-3.72%,,,-1.73%,-3.31%,,,1/31/1992,0.0157736921518264,0.00921628442648625,-1.73%
2/28/1992,-0.21%,-0.58%,-0.01%,-0.74%,-1.59%,-1.20%,,,-0.72%,-0.99%,,,2/29/1992,0.0102660462097769,-0.00550764594204958,-0.72%
3/31/1992,-0.27%,-1.72%,1.26%,-0.21%,0.04%,-0.19%,,,-0.18%,0.08%,,,3/31/1992,0.00909704323389001,-0.00116900297588685,-0.18%
4/30/1992,-0.13%,-0.69%,-0.87%,0.98%,0.21%,0.88%,,,0.06%,1.01%,,,4/30/1992,0.00833010307821369,-0.000766940155676322,0.06%
5/29/1992,0.99%,2.05%,-0.09%,2.90%,3.46%,3.62%,,,2.15%,2.63%,,,5/31/1992,0.0101254221347323,0.00179531905651866,2.15%
6/30/1992,0.39%,1.17%,0.46%,3.16%,6.19%,5.16%,,,2.76%,4.77%,,,6/30/1992,0.0138303861581467,0.00370496402341436,2.76%
7/31/1992,0.08%,0.08%,0.08%,2.67%,3.56%,2.86%,,,1.56%,2.78%,,,7/31/1992,0.00907015578549395,-0.00476023037265276,1.56%
8/31/1992,0.43%,1.18%,-1.97%,2.78%,5.72%,4.35%,,,2.08%,3.92%,,,8/31/1992,0.0133389812430134,0.00426882545751941,2.08%
9/30/1992,0.20%,-0.52%,-0.56%,-0.23%,1.02%,-4.07%,,,-0.69%,-4.28%,,,9/30/1992,0.0108558994348921,-0.00248308180812121,-0.69%
10/30/1992,-3.95%,-1.35%,-2.17%,-5.09%,-3.07%,-7.48%,,,-3.85%,-3.53%,,,10/31/1992,0.0136269884078497,0.00277108897295752,-3.85%
11/30/1992,-0.60%,-1.29%,-1.51%,-3.61%,-2.82%,-4.44%,,,-2.38%,-3.84%,,,11/30/1992,0.012727840387757,-0.00089914802009265,-2.38%
12/31/1992,-0.29%,0.50%,-0.08%,-1.31%,0.66%,-1.91%,,,-0.41%,-1.62%,,,12/31/1992,0.00625689470853507,-0.00647094567922194,-0.41%
1/29/1993,-0.19%,0.03%,-1.33%,-0.62%,0.55%,0.29%,,,-0.21%,0.48%,,,1/31/1993,0.0089433481252202,0.00268645341668512,-0.21%
2/26/1993,0.06%,4.17%,-1.21%,-1.13%,0.11%,-2.42%,,,-0.07%,-2.48%,,,2/28/1993,0.0171461861005614,0.00820283797534116,-0.07%
3/31/1993,0.11%,1.97%,1.01%,4.04%,2.10%,1.67%,,,1.82%,1.56%,,,3/31/1993,0.0114380488042285,-0.00570813729633285,1.82%
4/30/1993,0.69%,1.25%,2.32%,3.44%,1.73%,3.75%,,,2.20%,3.06%,,,4/30/1993,0.0154127010953184,0.00397465229108994,2.20%
5/31/1993,1.93%,-1.03%,0.79%,0.19%,1.09%,0.63%,,,0.60%,-1.30%,,,5/31/1993,0.0158739351021506,0.000461234006832196,0.60%
6/30/1993,0.16%,-0.93%,-4.32%,-2.29%,-3.31%,-5.72%,,,-2.73%,-5.88%,,,6/30/1993,0.00868915370660888,-0.00718478139554176,-2.73%
7/30/1993,0.78%,-0.04%,1.34%,1.40%,-1.38%,-3.16%,,,-0.18%,-3.94%,,,7/31/1993,0.0121001562019724,0.00341100249536349,-0.18%
8/31/1993,0.62%,-1.28%,0.35%,0.18%,3.46%,1.81%,,,0.86%,1.19%,,,8/31/1993,0.019821678282526,0.00772152208055366,0.86%
9/30/1993,-0.56%,0.30%,0.18%,1.40%,0.62%,2.40%,,,0.72%,2.96%,,,9/30/1993,0.00905963940501011,-0.0107620388775159,0.72%
10/29/1993,-1.07%,0.39%,-0.17%,0.32%,-1.54%,-1.18%,,,-0.54%,-0.10%,,,10/31/1993,0.0200972380163562,0.0110375986113461,-0.54%
11/30/1993,-2.68%,-0.30%,-0.57%,-0.98%,-1.61%,-1.27%,,,-1.24%,1.41%,,,11/30/1993,0.0120232312353828,-0.00807400678097342,-1.24%
12/31/1993,-1.57%,0.51%,2.14%,-0.48%,-1.14%,0.23%,,,-0.05%,1.81%,,,12/31/1993,0.0277320614889177,0.0157088302535349,-0.05%
1/31/1994,-0.01%,-0.07%,1.25%,3.16%,0.78%,1.29%,,,1.07%,1.30%,,,1/31/1994,0.0185275176594787,-0.00920454382943896,1.07%
2/28/1994,2.79%,-0.89%,1.13%,1.72%,1.42%,0.64%,,,1.13%,-2.15%,,,2/28/1994,0.0118824857855691,-0.00664503187390962,1.13%
3/31/1994,1.41%,-0.78%,0.72%,0.50%,-0.98%,2.50%,,,0.56%,1.09%,,,3/31/1994,0.0144608667688346,0.00257838098326549,0.56%
4/29/1994,0.09%,0.49%,0.88%,1.07%,0.60%,1.02%,,,0.69%,0.93%,,,4/30/1994,0.0114680150668894,-0.00299285170194513,0.69%
5/31/1994,0.27%,0.24%,2.40%,0.58%,1.18%,0.29%,,,0.83%,0.02%,,,5/31/1994,0.00998403440088101,-0.00148398066600842,0.83%
6/30/1994,2.48%,0.23%,2.13%,1.31%,3.52%,2.13%,,,1.97%,-0.35%,,,6/30/1994,0.0123750295727899,0.00239099517190891,1.97%
7/29/1994,-0.97%,0.01%,-0.02%,-0.28%,0.39%,-0.14%,,,-0.17%,0.83%,,,7/31/1994,0.0132342934430703,0.000859263870280366,-0.17%
8/31/1994,0.41%,0.75%,0.21%,0.53%,0.36%,0.82%,,,0.51%,0.41%,,,8/31/1994,0.0107111151211782,-0.00252317832189209,0.51%
9/30/1994,0.30%,2.28%,1.00%,2.20%,2.22%,1.50%,,,1.58%,1.20%,,,9/30/1994,0.0103662837530914,-0.000344831368086766,1.58%
10/31/1994,1.44%,1.33%,-0.48%,3.14%,3.36%,2.65%,,,1.91%,1.21%,,,10/31/1994,0.00703037100089043,-0.00333591275220099,1.91%
11/30/1994,-1.06%,-2.08%,-1.83%,1.23%,0.31%,-3.76%,,,-1.20%,-2.71%,,,11/30/1994,0.00916870794772009,0.00213833694682966,-1.20%
12/30/1994,0.07%,0.06%,1.18%,-0.62%,0.41%,0.85%,,,0.32%,0.78%,,,12/31/1994,0.00684549670891587,-0.00232321123880423,0.32%
1/31/1995,-0.43%,0.78%,1.34%,0.84%,0.40%,-0.14%,,,0.46%,0.30%,,,1/31/1995,0.014533488755589,0.00768799204667316,0.46%
2/28/1995,1.46%,4.40%,2.36%,3.33%,2.13%,-0.53%,,,2.19%,-1.99%,,,2/28/1995,0.0100572353248349,-0.00447625343075417,2.19%
3/31/1995,6.77%,7.13%,6.29%,3.74%,3.56%,0.63%,,,4.69%,-6.14%,,,3/31/1995,0.0108774267312924,0.000820191406457525,4.69%
4/28/1995,1.89%,-1.49%,-1.49%,1.14%,-0.55%,0.76%,,,0.04%,-1.13%,,,4/30/1995,0.0139202635887846,0.00304283685749223,0.04%
5/31/1995,-0.75%,-2.04%,-0.90%,-1.06%,-0.60%,-0.33%,,,-0.94%,0.41%,,,5/31/1995,0.0105347803899384,-0.00338548319884622,-0.94%
6/30/1995,-0.70%,1.51%,1.55%,0.95%,1.30%,0.84%,,,0.91%,1.54%,,,6/30/1995,0.00621065410417107,-0.00432412628576732,0.91%
7/31/1995,-2.18%,-0.31%,0.05%,-0.43%,0.43%,2.11%,,,-0.06%,4.29%,,,7/31/1995,0.00854338592257947,0.0023327318184084,-0.06%
8/31/1995,-7.48%,-3.88%,-5.04%,-0.80%,-5.27%,-0.99%,,,-3.91%,6.49%,,,8/31/1995,0.0055721446262678,-0.00297124129631167,-3.91%
9/29/1995,1.25%,1.21%,2.35%,2.68%,-0.25%,1.65%,,,1.48%,0.40%,,,9/30/1995,0.00558554838103282,1.34037547650165E-05,1.48%
10/31/1995,-1.18%,0.68%,0.97%,0.09%,0.39%,1.29%,,,0.37%,2.48%,,,10/31/1995,0.00814892035959102,0.0025633719785582,0.37%
11/30/1995,-1.83%,-1.34%,-2.52%,-1.29%,-0.56%,-0.93%,,,-1.41%,0.90%,,,11/30/1995,0.00877040510691076,0.000621484747319743,-1.41%
12/29/1995,-0.10%,0.21%,0.85%,0.13%,-0.02%,0.82%,,,0.31%,0.92%,,,12/31/1995,0.00939128415908192,0.000620879052171163,0.31%
1/31/1996,-4.56%,-2.36%,-3.79%,-3.60%,-0.41%,-0.42%,,,-2.52%,4.14%,,,1/31/1996,0.0182469003275418,0.00885561616845985,-2.52%
2/29/1996,1.04%,0.80%,1.16%,0.74%,0.93%,0.75%,,,0.90%,-0.29%,,,2/29/1996,0.00669451409463822,-0.0115523862329036,0.90%
3/29/1996,-0.82%,-0.31%,-0.33%,-0.31%,0.33%,0.56%,,,-0.15%,1.38%,,,3/31/1996,0.00542414441402295,-0.00127036968061527,-0.15%
4/30/1996,-1.40%,-1.94%,-3.20%,-3.00%,0.03%,-0.88%,,,-1.73%,0.52%,,,4/30/1996,0.011187915910149,0.00576377149612603,-1.73%
5/31/1996,-2.20%,-0.15%,0.07%,0.28%,-0.39%,1.00%,,,-0.23%,3.20%,,,5/31/1996,0.0068808265704543,-0.00430708933969468,-0.23%
6/28/1996,-1.00%,0.00%,-0.02%,0.52%,0.14%,0.69%,,,0.06%,1.69%,,,6/30/1996,0.00815006442934641,0.00126923785889211,0.06%
7/31/1996,3.01%,3.06%,1.25%,1.07%,1.00%,-0.33%,,,1.51%,-3.34%,,,7/31/1996,0.0114404657850869,0.00329040135574053,1.51%
8/30/1996,-1.29%,-0.64%,-1.04%,-0.13%,0.21%,0.85%,,,-0.34%,2.14%,,,8/31/1996,0.00920407112545001,-0.00223639465963694,-0.34%
9/30/1996,-4.00%,-3.32%,-2.36%,0.03%,-0.82%,0.11%,,,-1.73%,4.11%,,,9/30/1996,0.00823436946942884,-0.000969701656021166,-1.73%
10/31/1996,-1.58%,0.70%,0.77%,0.64%,1.39%,0.52%,,,0.41%,2.09%,,,10/31/1996,0.00768280414386386,-0.000551565325564984,0.41%
11/29/1996,-2.02%,-1.80%,-1.53%,-0.54%,-1.46%,1.45%,,,-0.98%,3.47%,,,11/30/1996,0.0116812694535513,0.00399846530968749,-0.98%
12/31/1996,-3.00%,-1.55%,-0.64%,-0.48%,-1.15%,-0.21%,,,-1.17%,2.79%,,,12/31/1996,0.00746548483224522,-0.00421578462130612,-1.17%
1/31/1997,-5.25%,-1.99%,-5.54%,-3.17%,-2.90%,-1.84%,,,-3.45%,3.41%,,,1/31/1997,0.0201431947014658,0.0126777098692205,-3.45%
2/28/1997,-2.33%,-3.02%,-1.99%,-0.41%,-0.15%,-1.05%,,,-1.49%,1.27%,,,2/28/1997,0.00937920045102502,-0.0107639942504407,-1.49%
3/31/1997,0.07%,1.16%,-0.21%,0.40%,0.86%,0.87%,,,0.52%,0.80%,,,3/31/1997,0.00633741394209222,-0.0030417865089328,0.52%
4/30/1997,-4.38%,-3.29%,-2.64%,-1.48%,-0.87%,-1.01%,,,-2.28%,3.36%,,,4/30/1997,0.00986312335225669,0.00352570941016447,-2.28%
5/30/1997,3.11%,0.99%,0.93%,-0.52%,0.35%,0.91%,,,0.96%,-2.21%,,,5/31/1997,0.0112477048150423,0.00138458146278565,0.96%
6/30/1997,-1.15%,-2.37%,-1.12%,-0.31%,-0.06%,0.61%,,,-0.73%,1.76%,,,6/30/1997,0.014455760219232,0.00320805540418963,-0.73%
7/31/1997,-4.79%,-4.13%,-3.49%,-1.64%,-2.78%,-5.09%,,,-3.65%,-0.30%,,,7/31/1997,0.0161650640618179,0.00170930384258594,-3.65%
8/29/1997,0.81%,1.37%,0.23%,0.75%,0.01%,-2.55%,,,0.10%,-3.36%,,,8/31/1997,0.0196447646943898,0.00347970063257192,0.10%
9/30/1997,1.42%,1.44%,2.08%,-0.55%,0.54%,-2.23%,,,0.45%,-3.65%,,,9/30/1997,0.0176408085833175,-0.00200395611107228,0.45%
10/31/1997,2.21%,1.21%,0.15%,-0.36%,0.79%,-3.19%,,,0.13%,-5.40%,,,10/31/1997,0.0215367353799359,0.00389592679661838,0.13%
11/28/1997,-3.27%,-2.50%,-2.28%,-1.37%,-0.43%,0.40%,,,-1.58%,3.67%,,,11/30/1997,0.0119428582146548,-0.00959387716528111,-1.58%
12/31/1997,-2.37%,-1.88%,-2.09%,-4.46%,-3.23%,-6.77%,,,-3.47%,-4.40%,,,12/31/1997,0.0119461522706779,3.294056023102E-06,-3.47%
1/30/1998,-1.29%,-2.11%,-0.89%,-1.42%,-9.58%,-1.59%,,,-2.81%,-0.29%,,,1/31/1998,0.0198467545212743,0.0079006022505964,-2.81%
2/27/1998,0.31%,0.67%,1.47%,2.40%,2.29%,9.15%,,,2.71%,8.84%,,,2/28/1998,0.0197404027788418,-0.000106351742432467,2.71%
3/31/1998,-2.96%,-1.49%,-1.12%,-0.41%,1.59%,-0.29%,,,-0.78%,2.67%,,,3/31/1998,0.0192894051692214,-0.000450997609620443,-0.78%
4/30/1998,2.18%,2.71%,0.58%,0.85%,0.61%,2.60%,,,1.59%,0.42%,,,4/30/1998,0.0127600749685393,-0.00652933020068214,1.59%
5/29/1998,-0.39%,0.32%,-1.81%,-1.23%,-0.74%,-4.29%,,,-1.36%,-3.90%,,,5/31/1998,0.0150793666597405,0.00231929169120121,-1.36%
6/30/1998,-1.47%,-1.45%,-0.87%,-0.66%,-0.80%,-6.62%,,,-1.98%,-5.14%,,,6/30/1998,0.0132455366465396,-0.00183383001320085,-1.98%
7/31/1998,0.37%,1.13%,-0.27%,-0.52%,2.27%,4.37%,,,1.22%,4.00%,,,7/31/1998,0.0100641171996436,-0.00318141944689598,1.22%
8/31/1998,1.17%,0.25%,-2.13%,-0.35%,-2.18%,1.79%,,,-0.24%,0.62%,,,8/31/1998,0.0406662132304224,0.0306020960307788,-0.24%
9/30/1998,4.77%,5.03%,3.28%,3.95%,3.47%,7.13%,,,4.61%,2.36%,,,9/30/1998,0.0199141436274087,-0.0207520696030137,4.61%
10/30/1998,4.08%,1.17%,2.64%,0.04%,1.26%,8.77%,,,3.00%,4.69%,,,10/31/1998,0.0232815828015584,0.00336743917414964,3.00%
11/30/1998,-2.88%,-2.19%,-2.14%,0.00%,0.08%,0.87%,,,-1.04%,3.74%,,,11/30/1998,0.0205495124693836,-0.00273207033217479,-1.04%
12/31/1998,2.07%,1.07%,1.36%,-0.42%,-0.13%,1.28%,,,0.87%,-0.80%,,,12/31/1998,0.0119614472651562,-0.00858806520422744,0.87%
1/29/1999,-3.16%,1.41%,-0.36%,1.07%,-2.33%,-1.21%,,,-0.77%,1.95%,,,1/31/1999,0.0113331590823066,-0.000628288182849573,-0.77%
2/26/1999,-2.53%,-3.04%,-0.55%,-1.81%,-1.67%,0.78%,,,-1.47%,3.31%,,,2/28/1999,0.0131047049409622,0.00177154585865561,-1.47%
3/31/1999,-0.93%,-0.04%,0.17%,0.01%,0.37%,2.78%,,,0.39%,3.72%,,,3/31/1999,0.0139393833935899,0.000834678452627698,0.39%
4/30/1999,-1.17%,1.24%,1.22%,-0.11%,1.06%,3.75%,,,1.00%,4.92%,,,4/30/1999,0.0233099964317189,0.00937061303812897,1.00%
5/31/1999,-1.69%,-2.04%,-0.89%,-0.14%,-0.42%,-0.04%,,,-0.87%,1.65%,,,5/31/1999,0.0135275345658301,-0.00978246186588877,-0.87%
6/30/1999,-0.55%,-0.28%,0.82%,-0.26%,0.62%,5.91%,,,1.04%,6.46%,,,6/30/1999,0.0142812892829981,0.000753754717167963,1.04%
7/30/1999,3.13%,1.42%,0.14%,0.10%,0.97%,1.92%,,,1.28%,-1.21%,,,7/31/1999,0.0107511620061777,-0.00353012727682033,1.28%
8/31/1999,0.14%,-1.71%,0.22%,-0.71%,-1.12%,-1.10%,,,-0.71%,-1.24%,,,8/31/1999,0.00774985574867614,-0.00300130625750159,-0.71%
9/30/1999,0.60%,0.60%,-0.35%,0.47%,0.25%,-0.33%,,,0.21%,-0.94%,,,9/30/1999,0.0103462030712639,0.00259634732258774,0.21%
10/29/1999,0.03%,-1.52%,-0.20%,-1.22%,2.38%,4.22%,,,0.61%,4.19%,,,10/31/1999,0.0111490168529043,0.000802813781640368,0.61%
11/30/1999,-2.13%,-1.79%,-1.55%,-0.73%,-0.59%,-1.52%,,,-1.38%,0.60%,,,11/30/1999,0.0158134547769137,0.00466443792400941,-1.38%
12/31/1999,-0.47%,0.24%,1.46%,0.05%,1.54%,1.33%,,,0.69%,1.81%,,,12/31/1999,0.0257274369771952,0.00991398220028152,0.69%
1/31/2000,-2.59%,-1.82%,-2.33%,-0.72%,-1.18%,-0.47%,,,-1.52%,2.12%,,,1/31/2000,0.0140326205202965,-0.0116948164568986,-1.52%
2/29/2000,-1.77%,-1.06%,-1.67%,-1.01%,-0.20%,0.43%,,,-0.88%,2.20%,,,2/29/2000,0.0183527422518027,0.00432012173150615,-0.88%
3/31/2000,1.56%,-1.14%,0.96%,0.26%,-0.12%,-0.08%,,,0.24%,-1.64%,,,3/31/2000,0.00786620957142762,-0.0104865326803751,0.24%
4/28/2000,-2.57%,-4.40%,-3.12%,-0.49%,-2.07%,-1.88%,,,-2.42%,0.69%,,,4/30/2000,0.0133129918891088,0.00544678231768122,-2.42%
5/31/2000,0.19%,-0.71%,-1.39%,-1.49%,-1.21%,-1.33%,,,-0.99%,-1.53%,,,5/31/2000,0.0113430697666926,-0.0019699221224162,-0.99%
6/30/2000,2.04%,2.23%,3.58%,0.08%,1.05%,0.41%,,,1.56%,-1.63%,,,6/30/2000,0.0121575097725039,0.000814440005811211,1.56%
7/31/2000,-2.95%,-2.64%,-1.68%,-2.77%,-1.48%,0.22%,,,-1.89%,3.17%,,,7/31/2000,0.00979306793670248,-0.00236444183580137,-1.89%
8/31/2000,-1.36%,-3.17%,-0.34%,-2.14%,0.03%,0.72%,,,-1.04%,2.07%,,,8/31/2000,0.00926887057688457,-0.000524197359817917,-1.04%
9/29/2000,-1.18%,-1.68%,-0.34%,-2.73%,-1.30%,-1.43%,,,-1.44%,-0.26%,,,9/30/2000,0.0148244884160483,0.0055556178391637,-1.44%
10/31/2000,-2.68%,-3.02%,-2.50%,-0.69%,-3.24%,-3.31%,,,-2.58%,-0.63%,,,10/31/2000,0.0108906153813981,-0.00393387303465022,-2.58%
11/30/2000,0.09%,2.09%,-0.44%,0.91%,0.26%,1.42%,,,0.72%,1.33%,,,11/30/2000,0.0145104109651221,0.00361979558372403,0.72%
12/29/2000,2.51%,5.81%,2.85%,3.27%,3.16%,-0.24%,,,2.89%,-2.76%,,,12/31/2000,0.00966883227645492,-0.00484157868866716,2.89%
1/31/2001,-1.49%,-0.39%,-0.93%,0.54%,-0.50%,2.33%,,,-0.07%,3.83%,,,1/31/2001,0.0165176496941763,0.00684881741772136,-0.07%
2/28/2001,-1.49%,-1.12%,-0.71%,-1.03%,-1.93%,-0.21%,,,-1.08%,1.28%,,,2/28/2001,0.0146774391995517,-0.00184021049462455,-1.08%
3/30/2001,-4.52%,-4.65%,-1.46%,-2.24%,-2.74%,-1.71%,,,-2.88%,2.81%,,,3/31/2001,0.0193078027613458,0.00463036356179402,-2.88%
4/30/2001,-0.25%,0.50%,0.99%,1.54%,1.03%,0.17%,,,0.67%,0.42%,,,4/30/2001,0.0164636191849395,-0.00284418357640626,0.67%
5/31/2001,0.22%,-1.66%,-0.25%,-2.77%,-1.86%,0.22%,,,-1.02%,-0.01%,,,5/31/2001,0.0119575077796776,-0.00450611140526193,-1.02%
6/29/2001,-2.06%,-0.29%,-0.02%,0.26%,0.02%,0.43%,,,-0.28%,2.48%,,,6/30/2001,0.0127499206456534,0.000792412865975792,-0.28%
7/31/2001,0.89%,1.33%,0.92%,1.24%,2.32%,0.06%,,,1.13%,-0.83%,,,7/31/2001,0.0139889393468235,0.00123901870117012,1.13%
8/31/2001,3.80%,0.00%,1.49%,2.83%,1.95%,2.57%,,,2.11%,-1.23%,,,8/31/2001,0.0117236290883648,-0.00226531025845865,2.11%
9/28/2001,0.44%,0.02%,-1.30%,0.33%,-1.80%,-1.90%,,,-0.70%,-2.35%,,,9/30/2001,0.0252963249936222,0.0135726959052574,-0.70%
10/31/2001,-2.39%,0.02%,-0.53%,0.47%,-0.35%,0.28%,,,-0.41%,2.66%,,,10/31/2001,0.0175386038197718,-0.0077577211738504,-0.41%
11/30/2001,-0.43%,0.05%,-0.14%,0.00%,0.81%,-0.16%,,,0.02%,0.26%,,,11/30/2001,0.0144474105024673,-0.00309119331730458,0.02%
12/31/2001,-2.65%,-0.49%,-0.60%,0.52%,1.74%,-0.99%,,,-0.41%,1.66%,,,12/31/2001,0.0136244819818957,-0.000822928520571597,-0.41%
1/31/2002,-1.17%,0.05%,-2.72%,-0.96%,0.11%,5.67%,,,0.16%,6.84%,,,1/31/2002,0.0138934038698441,0.000268921887948394,0.16%
2/28/2002,0.10%,-0.18%,0.78%,1.21%,0.99%,-0.02%,,,0.48%,-0.13%,,,2/28/2002,0.013245237113019,-0.000648166756825098,0.48%
3/29/2002,0.36%,0.22%,0.87%,2.06%,1.80%,3.06%,,,1.39%,2.70%,,,3/31/2002,0.0113819233036092,-0.00186331380940976,1.39%
4/30/2002,2.15%,0.59%,2.09%,2.32%,2.83%,2.74%,,,2.12%,0.59%,,,4/30/2002,0.0116074709797761,0.000225547676166893,2.12%
5/31/2002,2.39%,0.70%,2.62%,4.06%,4.92%,1.50%,,,2.70%,-0.89%,,,5/31/2002,0.0112455068648489,-0.000361964114927154,2.70%
6/28/2002,2.89%,0.50%,3.31%,5.21%,2.63%,-1.09%,,,2.24%,-3.97%,,,6/30/2002,0.0163500903975892,0.00510458353274029,2.24%
7/31/2002,-0.29%,-0.28%,-1.23%,-0.69%,-1.63%,-0.38%,,,-0.75%,-0.09%,,,7/31/2002,0.0228598358212039,0.00650974542361466,-0.75%
8/30/2002,-0.33%,-0.08%,0.40%,-0.04%,0.39%,1.63%,,,0.33%,1.97%,,,8/31/2002,0.0174439295121321,-0.00541590630907183,0.33%
9/30/2002,-1.19%,-0.59%,0.10%,0.58%,-0.15%,0.70%,,,-0.09%,1.89%,,,9/30/2002,0.0185727324169907,0.00112880290485868,-0.09%
10/31/2002,-0.01%,0.38%,-0.17%,0.57%,1.47%,2.65%,,,0.81%,2.66%,,,10/31/2002,0.0202740754379022,0.00170134302091149,0.81%
11/29/2002,-0.30%,-0.09%,0.29%,0.70%,1.09%,4.75%,,,1.07%,5.05%,,,11/30/2002,0.0155040895837202,-0.00476998585418201,1.07%
12/31/2002,3.02%,0.27%,2.25%,4.05%,1.89%,3.53%,,,2.50%,0.51%,,,12/31/2002,0.0127996093181482,-0.00270448026557205,2.50%
1/31/2003,-0.09%,0.05%,2.31%,1.96%,2.41%,0.42%,,,1.18%,0.52%,,,1/31/2003,0.0139692842680221,0.00116967494987398,1.18%
2/28/2003,0.49%,0.01%,0.71%,-0.25%,1.20%,1.25%,,,0.57%,0.75%,,,2/28/2003,0.0138603235072815,-0.000108960760740661,0.57%
3/31/2003,-0.43%,-0.04%,0.86%,-0.55%,-0.10%,0.17%,,,-0.01%,0.59%,,,3/31/2003,0.0188357334514157,0.0049754099441342,-0.01%
4/30/2003,-0.52%,0.07%,2.31%,2.85%,2.44%,7.10%,,,2.37%,7.62%,,,4/30/2003,0.0142275051760571,-0.00460822827535857,2.37%
5/30/2003,1.59%,0.71%,3.01%,4.62%,3.50%,1.86%,,,2.55%,0.28%,,,5/31/2003,0.0115040492121632,-0.00272345596389394,2.55%
6/30/2003,-1.44%,-0.16%,-1.98%,0.14%,-0.77%,0.29%,,,-0.65%,1.73%,,,6/30/2003,0.012233580133644,0.000729530921480868,-0.65%
7/31/2003,-0.32%,0.05%,-1.86%,-2.04%,-0.19%,0.60%,,,-0.63%,0.92%,,,7/31/2003,0.0116774387977642,-0.000556141335879796,-0.63%
8/29/2003,0.53%,0.56%,-1.91%,-1.14%,-0.79%,0.84%,,,-0.32%,0.30%,,,8/31/2003,0.010033566489063,-0.00164387230870123,-0.32%
9/30/2003,3.17%,0.92%,5.53%,4.47%,3.29%,3.81%,,,3.53%,0.64%,,,9/30/2003,0.0114073180258788,0.00137375153681577,3.53%
10/31/2003,-0.26%,0.08%,-0.16%,0.46%,1.27%,-0.35%,,,0.17%,-0.08%,,,10/31/2003,0.0114338744679299,2.6556442051108E-05,0.17%
11/28/2003,1.10%,0.72%,1.37%,2.67%,0.65%,3.08%,,,1.60%,1.98%,,,11/30/2003,0.0107085479972124,-0.000725326470717456,1.60%
12/31/2003,1.65%,0.52%,3.69%,3.07%,2.87%,2.60%,,,2.40%,0.95%,,,12/31/2003,0.00830313483935516,-0.00240541315785728,2.40%
1/30/2004,0.11%,0.44%,-1.76%,-2.48%,0.60%,0.95%,,,-0.36%,0.84%,,,1/31/2004,0.0104059794194513,0.00210284458009613,-0.36%
2/27/2004,-1.09%,-0.13%,0.62%,-0.06%,1.20%,2.26%,,,0.47%,3.35%,,,2/29/2004,0.00972327919360248,-0.000682700225848815,0.47%
3/31/2004,1.61%,1.37%,-0.35%,0.18%,0.90%,1.70%,,,0.90%,0.09%,,,3/31/2004,0.011706878478007,0.00198359928440447,0.90%
4/30/2004,-2.37%,-0.86%,-0.90%,-2.47%,-4.01%,-3.52%,,,-2.36%,-1.15%,,,4/30/2004,0.011146959491366,-0.000559918986640949,-2.36%
5/31/2004,0.12%,0.00%,1.43%,1.84%,1.18%,2.25%,,,1.14%,2.13%,,,5/31/2004,0.0153079374717397,0.00416097798037373,1.14%
6/30/2004,-0.36%,-0.50%,-0.97%,0.13%,0.34%,1.68%,,,0.05%,2.04%,,,6/30/2004,0.00887399213916954,-0.00643394533257019,0.05%
7/30/2004,-1.41%,-0.24%,-0.73%,-0.56%,0.60%,1.00%,,,-0.23%,2.41%,,,7/31/2004,0.00880678110473368,-6.7211034435858E-05,-0.23%
8/31/2004,0.46%,0.47%,1.34%,0.40%,0.16%,0.05%,,,0.48%,-0.41%,,,8/31/2004,0.00857941838090983,-0.000227362723823853,0.48%
9/30/2004,0.22%,1.09%,2.91%,1.09%,2.05%,2.35%,,,1.62%,2.13%,,,9/30/2004,0.0077672636617058,-0.000812154719204026,1.62%
10/29/2004,2.15%,1.96%,1.90%,2.43%,2.05%,2.81%,,,2.22%,0.65%,,,10/31/2004,0.00957998425179511,0.00181272059008931,2.22%
11/30/2004,3.00%,3.93%,2.26%,3.94%,4.82%,4.30%,,,3.71%,1.29%,,,11/30/2004,0.00784380120267584,-0.00173618304911927,3.71%
12/31/2004,0.03%,1.26%,1.09%,1.54%,0.96%,3.72%,,,1.43%,3.69%,,,12/31/2004,0.00691064665179728,-0.000933154550878563,1.43%
1/31/2005,-1.77%,-3.44%,-1.83%,-0.15%,-1.51%,-0.81%,,,-1.58%,0.96%,,,1/31/2005,0.00793640045124552,0.00102575379944825,-1.58%
2/28/2005,0.89%,1.53%,1.65%,0.73%,1.56%,3.93%,,,1.71%,3.04%,,,2/28/2005,0.00774204231612307,-0.000194358135122455,1.71%
3/31/2005,-1.85%,-2.29%,-1.84%,0.20%,-1.04%,-3.74%,,,-1.76%,-1.89%,,,3/31/2005,0.0086956065900141,0.000953564273891028,-1.76%
4/29/2005,0.55%,-0.85%,-0.40%,-0.42%,-0.51%,0.84%,,,-0.13%,0.29%,,,4/30/2005,0.00960553754453281,0.000909930954518714,-0.13%
5/31/2005,-2.09%,-2.62%,-3.22%,-0.27%,-2.01%,-2.11%,,,-2.05%,-0.02%,,,5/31/2005,0.0076344775090906,-0.00197106003544221,-2.05%
6/30/2005,-2.05%,-2.68%,-0.41%,-0.44%,-0.78%,1.16%,,,-0.87%,3.21%,,,6/30/2005,0.00838286290216507,0.000748385393074476,-0.87%
7/29/2005,-0.46%,0.67%,0.11%,-0.63%,-0.14%,0.95%,,,0.08%,1.41%,,,7/31/2005,0.00928870049671708,0.000905837594552011,0.08%
8/31/2005,0.59%,1.08%,0.89%,-0.32%,1.03%,0.42%,,,0.62%,-0.17%,,,8/31/2005,0.00834383505344104,-0.000944865443276044,0.62%
9/30/2005,-2.50%,-1.72%,0.20%,0.13%,0.30%,0.21%,,,-0.56%,2.72%,,,9/30/2005,0.00850460140221532,0.000160766348774277,-0.56%
10/31/2005,-1.89%,-0.59%,-0.58%,0.05%,-0.85%,-0.41%,,,-0.71%,1.48%,,,10/31/2005,0.0119151755935283,0.00341057419131296,-0.71%
11/30/2005,-1.79%,-1.54%,-0.10%,0.16%,-0.95%,0.92%,,,-0.55%,2.71%,,,11/30/2005,0.00806515982701959,-0.00385001576650869,-0.55%
12/30/2005,0.89%,-0.41%,0.89%,0.22%,0.35%,0.50%,,,0.41%,-0.38%,,,12/31/2005,0.00754695386338414,-0.000518205963635447,0.41%
1/31/2006,2.46%,3.04%,2.46%,1.73%,2.19%,2.58%,,,2.41%,0.12%,,,1/31/2006,0.00957607596992745,0.0020291221065433,2.41%
2/28/2006,-2.04%,-1.82%,0.29%,-0.69%,-0.56%,-0.58%,,,-0.90%,1.46%,,,2/28/2006,0.0106202716306743,0.00104419566074684,-0.90%
3/31/2006,-0.48%,1.71%,-1.08%,-0.28%,-0.77%,-1.99%,,,-0.48%,-1.51%,,,3/31/2006,0.0104864155978443,-0.000133856032830004,-0.48%
4/28/2006,3.25%,4.84%,2.66%,2.62%,2.52%,1.44%,,,2.89%,-1.81%,,,4/30/2006,0.0101467178264742,-0.000339697771370051,2.89%
5/31/2006,1.06%,1.88%,-0.07%,0.71%,0.10%,-4.11%,,,-0.07%,-5.18%,,,5/31/2006,0.0180175877103037,0.00787086988382945,-0.07%
6/30/2006,-1.66%,-1.02%,-1.54%,-0.62%,-0.19%,-2.48%,,,-1.25%,-0.82%,,,6/30/2006,0.0181367649218873,0.000119177211583613,-1.25%
7/31/2006,-0.82%,-0.14%,0.85%,-0.43%,0.54%,3.41%,,,0.57%,4.22%,,,7/31/2006,0.0128554627917337,-0.00528130213015355,0.57%
8/31/2006,-0.79%,-0.75%,-0.24%,0.71%,0.12%,1.03%,,,0.01%,1.82%,,,8/31/2006,0.00866353059289345,-0.00419193219884029,0.01%
9/29/2006,-1.44%,-1.55%,-0.93%,-0.24%,-0.17%,-1.27%,,,-0.93%,0.17%,,,9/30/2006,0.00921107386649269,0.000547543273599236,-0.93%
10/31/2006,0.75%,0.61%,0.89%,0.47%,2.07%,3.77%,,,1.43%,3.02%,,,10/31/2006,0.00793733957051941,-0.00127373429597328,1.43%
11/30/2006,2.75%,4.70%,1.73%,1.17%,0.03%,2.39%,,,2.13%,-0.37%,,,11/30/2006,0.00926723919733524,0.00132989962681583,2.13%
12/29/2006,-1.40%,0.27%,-0.59%,-0.73%,0.20%,2.30%,,,0.01%,3.71%,,,12/31/2006,0.00976040169128094,0.000493162493945697,0.01%
1/31/2007,-2.40%,-0.83%,-1.64%,-0.72%,-0.86%,0.01%,,,-1.07%,2.41%,,,1/31/2007,0.00943810345650947,-0.000322298234771465,-1.07%
2/28/2007,0.98%,0.35%,1.22%,0.30%,0.49%,0.97%,,,0.72%,-0.02%,,,2/28/2007,0.0111616106323849,0.0017235071758754,0.72%
3/30/2007,0.29%,0.76%,0.99%,0.04%,0.66%,1.62%,,,0.73%,1.34%,,,3/31/2007,0.0129131113172412,0.00175150068485636,0.73%
4/30/2007,0.19%,2.95%,1.44%,1.04%,0.83%,3.30%,,,1.63%,3.11%,,,4/30/2007,0.00872690748497146,-0.00418620383226977,1.63%
5/31/2007,-1.77%,-1.46%,-0.12%,0.31%,0.51%,0.68%,,,-0.31%,2.45%,,,5/31/2007,0.00817367287418532,-0.000553234610786142,-0.31%
6/29/2007,-0.92%,-0.10%,0.31%,1.02%,0.37%,1.83%,,,0.42%,2.75%,,,6/30/2007,0.0100009855658882,0.00182731269170286,0.42%
7/31/2007,2.30%,0.46%,1.66%,0.33%,0.83%,0.14%,,,0.95%,-2.16%,,,7/31/2007,0.0115748994186904,0.00157391385280226,0.95%
8/31/2007,0.03%,-1.33%,-0.75%,-0.19%,-0.56%,-2.58%,,,-0.90%,-2.61%,,,8/31/2007,0.0187798747228568,0.00720497530416641,-0.90%
9/28/2007,1.69%,4.07%,3.87%,3.19%,1.12%,5.40%,,,3.22%,3.71%,,,9/30/2007,0.0118252694335461,-0.00695460528931079,3.22%
10/31/2007,0.63%,2.04%,1.36%,2.53%,1.07%,3.22%,,,1.81%,2.60%,,,10/31/2007,0.0114152156232648,-0.000410053810281294,1.81%
11/30/2007,1.51%,0.60%,0.13%,-0.86%,0.12%,-1.40%,,,0.02%,-2.91%,,,11/30/2007,0.0147943335172175,0.00337911789395276,0.02%
12/31/2007,-1.07%,-0.45%,0.00%,-0.33%,-0.27%,0.74%,,,-0.23%,1.80%,,,12/31/2007,0.0119312771027347,-0.00286305641448285,-0.23%
1/31/2008,1.07%,1.09%,1.79%,0.46%,0.69%,-0.13%,,,0.83%,-1.20%,,,1/31/2008,0.0236282019580135,0.0116969248552788,0.83%
2/29/2008,1.38%,1.40%,3.84%,2.41%,2.16%,0.99%,,,2.03%,-0.39%,,,2/29/2008,0.0165954013193891,-0.00703280063862435,2.03%
3/31/2008,1.14%,2.15%,-1.33%,2.09%,2.93%,-1.58%,,,0.90%,-2.71%,,,3/31/2008,0.0188799358650005,0.00228453454561134,0.90%
4/30/2008,-0.53%,-1.28%,-0.63%,-1.47%,-0.02%,2.49%,,,-0.24%,3.02%,,,4/30/2008,0.012709036400694,-0.00617089946430645,-0.24%
5/30/2008,-0.35%,-0.14%,-1.51%,-0.67%,-0.49%,1.85%,,,-0.22%,2.20%,,,5/31/2008,0.0105445287159634,-0.00216450768473061,-0.22%
6/30/2008,-0.13%,0.60%,0.20%,0.38%,0.69%,0.28%,,,0.34%,0.41%,,,6/30/2008,0.0127033694108743,0.00215884069491085,0.34%
7/31/2008,-1.05%,-0.83%,-0.45%,0.40%,1.24%,2.25%,,,0.26%,3.30%,,,7/31/2008,0.0185153984624965,0.0058120290516222,0.26%
8/29/2008,-1.03%,-2.33%,-5.28%,-4.91%,-6.25%,-3.52%,,,-3.89%,-2.50%,,,8/31/2008,0.0152662802240924,-0.00324911823840403,-3.89%
9/30/2008,-0.19%,-2.86%,-0.50%,-3.26%,-5.24%,-5.97%,,,-3.00%,-5.78%,,,9/30/2008,0.0294760627765797,0.0142097825524872,-3.00%
10/31/2008,-4.86%,-7.49%,-5.59%,-5.47%,-5.52%,-12.26%,,,-6.87%,-7.39%,,,10/31/2008,0.0492649242078884,0.0197888614313088,-6.87%
11/28/2008,-3.12%,-1.95%,-2.41%,-2.03%,-3.38%,-1.98%,,,-2.48%,1.14%,,,11/30/2008,0.034961845425411,-0.0143030787824775,-2.48%
12/31/2008,8.58%,0.56%,4.86%,5.09%,2.12%,4.22%,,,4.24%,-4.36%,,,12/31/2008,0.0240562666224469,-0.0109055788029641,4.24%
1/30/2009,-4.71%,-1.58%,-3.96%,-4.38%,-5.54%,-6.60%,,,-4.46%,-1.89%,,,1/31/2009,0.0232727416134083,-0.000783525009038555,-4.46%
2/27/2009,-4.68%,-1.38%,-2.21%,-1.09%,-2.97%,-2.18%,,,-2.42%,2.50%,,,2/28/2009,0.0196373586016615,-0.00363538301174681,-2.42%
3/31/2009,3.07%,2.63%,3.36%,3.03%,7.25%,3.94%,,,3.88%,0.87%,,,3/31/2009,0.0240242218965637,0.00438686329490214,3.88%
4/30/2009,2.54%,2.31%,0.84%,1.92%,3.62%,5.23%,,,2.74%,2.69%,,,4/30/2009,0.0205409340677401,-0.00348328782882352,2.74%
5/29/2009,3.15%,3.31%,4.48%,4.17%,7.38%,5.37%,,,4.64%,2.21%,,,5/31/2009,0.0183381499986325,-0.00220278406910767,4.64%
6/30/2009,-1.52%,-1.42%,-0.03%,-0.56%,1.22%,1.17%,,,-0.19%,2.70%,,,6/30/2009,0.0177170978750533,-0.000621052123579168,-0.19%
7/31/2009,1.29%,2.11%,2.01%,2.20%,2.78%,1.91%,,,2.05%,0.62%,,,7/31/2009,0.0155789638442557,-0.00213813403079759,2.05%
8/31/2009,0.95%,0.37%,-0.80%,0.88%,2.46%,-0.24%,,,0.60%,-1.19%,,,8/31/2009,0.0144579164605752,-0.0011210473836805,0.60%
9/30/2009,1.91%,1.40%,1.09%,2.40%,2.93%,2.36%,,,2.02%,0.45%,,,9/30/2009,0.0116267270566389,-0.00283118940393629,2.02%
10/30/2009,-0.71%,0.14%,0.89%,-0.58%,1.57%,0.65%,,,0.33%,1.36%,,,10/31/2009,0.0145784033638168,0.00295167630717788,0.33%
11/30/2009,0.67%,2.52%,0.57%,1.57%,0.37%,2.23%,,,1.32%,1.56%,,,11/30/2009,0.0141567307358188,-0.000421672627998009,1.32%
12/31/2009,-2.52%,-1.57%,-0.77%,-2.62%,-1.31%,0.65%,,,-1.36%,3.18%,,,12/31/2009,0.0118317267921046,-0.00232500394371424,-1.36%
1/29/2010,-1.56%,-0.51%,-0.06%,-1.31%,-0.35%,-0.72%,,,-0.75%,0.84%,,,1/31/2010,0.0109840477757905,-0.000847679016314093,-0.75%
2/26/2010,-0.10%,0.65%,-1.70%,-0.06%,-0.07%,0.08%,,,-0.20%,0.18%,,,2/28/2010,0.0134049282007209,0.00242088042493042,-0.20%
3/31/2010,0.64%,-1.69%,0.90%,1.38%,2.27%,2.73%,,,1.04%,2.09%,,,3/31/2010,0.00926308012206145,-0.00414184807865944,1.04%
4/30/2010,-0.36%,-0.75%,0.32%,0.12%,1.97%,0.57%,,,0.31%,0.93%,,,4/30/2010,0.0125652588265281,0.00330217870446664,0.31%
5/31/2010,-1.56%,-4.56%,-1.91%,-6.76%,-7.42%,-5.28%,,,-4.58%,-3.72%,,,5/31/2010,0.0228946710238844,0.0103294121973563,-4.58%
6/30/2010,1.57%,0.79%,0.52%,0.28%,0.39%,0.14%,,,0.61%,-1.43%,,,6/30/2010,0.0139351033424229,-0.00895956768146148,0.61%
7/30/2010,1.31%,3.90%,5.65%,2.09%,6.23%,4.06%,,,3.87%,2.75%,,,7/31/2010,0.0111681745275018,-0.00276692881492108,3.87%
8/31/2010,1.51%,-1.11%,-1.63%,-0.40%,-1.75%,-1.21%,,,-0.76%,-2.73%,,,8/31/2010,0.0110624982030462,-0.000105676324455664,-0.76%
9/30/2010,1.10%,5.06%,3.05%,5.43%,5.78%,6.18%,,,4.43%,5.09%,,,9/30/2010,0.00960865268128373,-0.00145384552176243,4.43%
10/29/2010,1.24%,0.88%,1.54%,1.14%,0.76%,2.08%,,,1.28%,0.84%,,,10/31/2010,0.00889576440211407,-0.000712888279169658,1.28%
11/30/2010,-1.21%,-1.21%,-5.17%,-2.20%,-2.40%,-3.83%,,,-2.67%,-2.62%,,,11/30/2010,0.0108899911220948,0.00199422671998069,-2.67%
12/31/2010,3.64%,1.53%,1.70%,2.16%,4.32%,3.63%,,,2.83%,-0.02%,,,12/31/2010,0.00909919269312638,-0.00179079842896838,2.83%
1/31/2011,-0.67%,1.37%,1.68%,0.50%,1.74%,-1.35%,,,0.55%,-0.68%,,,1/31/2011,0.0108848396765884,0.00178564698346204,0.55%
2/28/2011,-0.34%,0.44%,0.83%,2.10%,-0.17%,1.86%,,,0.79%,2.20%,,,2/28/2011,0.0104801736925741,-0.000404665984014372,0.79%
3/31/2011,0.89%,0.41%,0.91%,0.74%,1.80%,2.71%,,,1.24%,1.82%,,,3/31/2011,0.0116741733303643,0.00119399963779027,1.24%
4/29/2011,2.55%,2.31%,3.58%,3.68%,3.15%,3.92%,,,3.20%,1.37%,,,4/30/2011,0.00945680907568829,-0.00221736425467604,3.20%
5/31/2011,0.36%,-0.27%,-2.70%,-2.27%,-0.27%,-2.13%,,,-1.21%,-2.49%,,,5/31/2011,0.00959566019904763,0.000138851123359341,-1.21%
6/30/2011,0.39%,0.61%,-0.10%,-0.01%,0.03%,0.45%,,,0.23%,0.07%,,,6/30/2011,0.0105862712937865,0.000990611094738855,0.23%
7/29/2011,2.70%,0.41%,0.81%,0.22%,2.86%,0.62%,,,1.27%,-2.09%,,,7/31/2011,0.0110306438474744,0.000444372553687934,1.27%
8/31/2011,-0.50%,0.16%,-0.63%,-0.28%,-0.38%,-2.38%,,,-0.67%,-1.88%,,,8/31/2011,0.0222499494815134,0.011219305634039,-0.67%
9/30/2011,-4.23%,-4.21%,-3.98%,-7.19%,-7.94%,-8.81%,,,-6.06%,-4.58%,,,9/30/2011,0.0224151519857801,0.000165202504266646,-6.06%
10/31/2011,1.27%,1.89%,3.11%,5.29%,4.26%,3.76%,,,3.26%,2.49%,,,10/31/2011,0.0192024637094395,-0.00321268827634057,3.26%
11/30/2011,-1.39%,-1.87%,-2.53%,-3.45%,-2.51%,-3.50%,,,-2.54%,-2.11%,,,11/30/2011,0.0176874829662265,-0.00151498074321305,-2.54%
12/30/2011,-1.61%,-1.76%,-0.74%,-1.09%,-0.88%,-1.44%,,,-1.25%,0.17%,,,12/31/2011,0.0121648560890329,-0.00552262687719361,-1.25%
1/31/2012,1.39%,0.63%,1.29%,1.79%,3.91%,5.90%,,,2.49%,4.51%,,,1/31/2012,0.0116464816217266,-0.000518374467306263,2.49%
2/29/2012,-0.25%,0.54%,1.44%,3.30%,1.68%,2.71%,,,1.57%,2.96%,,,2/29/2012,0.00998386728214337,-0.00166261433958324,1.57%
3/30/2012,-0.75%,-0.35%,-0.03%,-1.70%,-1.23%,-1.89%,,,-0.99%,-1.14%,,,3/31/2012,0.0106553093910065,0.000671442108863099,-0.99%
4/30/2012,0.75%,0.26%,0.19%,-0.02%,0.98%,0.05%,,,0.37%,-0.70%,,,4/30/2012,0.0113273149966636,0.000672005605657175,0.37%
5/31/2012,-3.37%,-1.94%,-4.73%,-5.27%,-4.77%,-7.40%,,,-4.58%,-4.03%,,,5/31/2012,0.0126732209794729,0.00134590598280923,-4.58%
6/29/2012,0.81%,1.10%,1.52%,2.50%,3.51%,5.00%,,,2.41%,4.19%,,,6/30/2012,0.0136894681547674,0.0010162471752945,2.41%
7/31/2012,-1.19%,-0.83%,-0.14%,0.96%,1.38%,0.82%,,,0.17%,2.01%,,,7/31/2012,0.0121055364703226,-0.00158393168444473,0.17%
8/31/2012,1.62%,0.02%,1.34%,1.92%,0.03%,-0.17%,,,0.79%,-1.79%,,,8/31/2012,0.00965205285224095,-0.0024534836180817,0.79%
9/28/2012,1.48%,0.61%,1.06%,0.92%,2.59%,2.62%,,,1.55%,1.14%,,,9/30/2012,0.0102120470546566,0.000559994202415669,1.55%
10/31/2012,-0.13%,0.10%,0.33%,-0.18%,0.62%,-0.56%,,,0.03%,-0.43%,,,10/31/2012,0.00849332392713471,-0.00171872312752191,0.03%
11/30/2012,-0.50%,-0.01%,-0.08%,0.50%,0.36%,0.59%,,,0.14%,1.08%,,,11/30/2012,0.00871037551905775,0.000217051591923039,0.14%
12/31/2012,-0.68%,0.85%,0.38%,1.06%,0.54%,0.71%,,,0.48%,1.39%,,,12/31/2012,0.00606703353161174,-0.00264334198744601,0.48%
1/31/2013,1.78%,-1.63%,-0.34%,0.37%,0.50%,0.82%,,,0.25%,-0.96%,,,1/31/2013,0.00794752148713018,0.00188048795551844,0.25%
2/28/2013,-1.92%,-1.83%,-0.16%,-3.19%,0.18%,-1.36%,,,-1.38%,0.56%,,,2/28/2013,0.0102466545552882,0.00229913306815803,-1.38%
3/29/2013,-1.48%,-1.01%,-0.32%,-0.34%,0.15%,-0.22%,,,-0.54%,1.25%,,,3/31/2013,0.00885636957888646,-0.00139028497640176,-0.54%
4/30/2013,1.21%,0.42%,0.29%,1.38%,1.43%,1.87%,,,1.10%,0.66%,,,4/30/2013,0.0111034433088866,0.00224707373000013,1.10%
5/31/2013,-2.02%,-1.27%,-1.45%,-2.42%,-3.97%,-4.12%,,,-2.54%,-2.10%,,,5/31/2013,0.00985646101675191,-0.00124698229213468,-2.54%
6/28/2013,0.19%,0.50%,0.00%,-2.24%,-1.95%,-1.36%,,,-0.81%,-1.55%,,,6/30/2013,0.0155658571991739,0.00570939618242201,-0.81%
7/31/2013,1.57%,0.67%,-0.13%,2.41%,0.72%,-0.06%,,,0.86%,-1.62%,,,7/31/2013,0.0112269035468504,-0.00433895365232355,0.86%
8/30/2013,-0.19%,-0.87%,0.46%,-1.90%,-0.78%,-3.40%,,,-1.12%,-3.21%,,,8/31/2013,0.01099192935572,-0.000234974191130371,-1.12%
9/30/2013,1.72%,1.36%,2.23%,2.29%,3.29%,2.77%,,,2.28%,1.05%,,,9/30/2013,0.0107951973439571,-0.0001967320117629,2.28%
10/31/2013,0.39%,0.17%,0.10%,-0.13%,1.34%,1.93%,,,0.63%,1.55%,,,10/31/2013,0.00858718811176029,-0.0022080092321968,0.63%
11/29/2013,-0.46%,-2.48%,0.27%,-1.30%,-2.01%,-1.42%,,,-1.23%,-0.96%,,,11/30/2013,0.00810735845216935,-0.000479829659590942,-1.23%
12/31/2013,-0.01%,-0.27%,0.41%,0.65%,0.44%,-0.93%,,,0.05%,-0.92%,,,12/31/2013,0.00835152754734527,0.000244169095175925,0.05%
1/31/2014,-2.21%,0.27%,-1.03%,-2.44%,-3.26%,-2.17%,,,-1.81%,0.04%,,,1/31/2014,0.00916378126411667,0.000812253716771393,-1.81%
2/28/2014,2.10%,0.59%,1.27%,2.02%,2.16%,3.33%,,,1.91%,1.24%,,,2/28/2014,0.00861558229234193,-0.000548198971774737,1.91%
3/31/2014,-0.45%,-0.04%,-0.29%,0.07%,0.40%,2.95%,,,0.44%,3.40%,,,3/31/2014,0.0103978149475629,0.00178223265522098,0.44%
4/30/2014,0.62%,0.12%,0.43%,0.57%,1.09%,0.06%,,,0.48%,-0.56%,,,4/30/2014,0.00818714045153359,-0.00221067449602932,0.48%
5/30/2014,-0.56%,-0.40%,-0.04%,-0.50%,0.08%,0.98%,,,-0.07%,1.54%,,,5/31/2014,0.00747464101865545,-0.00071249943287814,-0.07%
6/30/2014,0.52%,0.11%,0.79%,-0.06%,0.14%,0.26%,,,0.29%,-0.26%,,,6/30/2014,0.00676460292866164,-0.000710038089993812,0.29%
7/31/2014,-1.89%,-1.15%,-1.08%,-1.14%,-1.60%,-0.33%,,,-1.20%,1.56%,,,7/31/2014,0.00830636108225074,0.00154175815358909,-1.20%
8/29/2014,-0.95%,-0.65%,-0.70%,0.48%,-0.43%,0.52%,,,-0.29%,1.48%,,,8/31/2014,0.00816859103665841,-0.000137770045592329,-0.29%
9/30/2014,-3.63%,-2.09%,-1.96%,-2.34%,-2.99%,-4.20%,,,-2.87%,-0.57%,,,9/30/2014,0.0071635993059449,-0.00100499173071351,-2.87%
10/31/2014,-1.43%,-0.21%,-1.05%,-0.34%,-1.92%,1.20%,,,-0.62%,2.63%,,,10/31/2014,0.0123077919546022,0.00514419264865726,-0.62%
11/28/2014,-1.83%,-0.51%,-0.87%,-0.28%,-1.81%,-0.80%,,,-1.02%,1.02%,,,11/30/2014,0.00874638363987619,-0.00356140831472597,-1.02%
12/31/2014,-2.38%,-2.62%,-0.50%,-3.53%,-0.99%,-2.90%,,,-2.15%,-0.52%,,,12/31/2014,0.0129999705541883,0.00425358691431209,-2.15%
1/30/2015,-3.11%,-0.87%,-1.11%,-4.74%,-0.29%,-2.35%,,,-2.08%,0.76%,,,1/31/2015,0.0119388039548863,-0.00106116659930193,-2.08%
2/27/2015,-1.38%,-0.33%,1.21%,0.78%,0.42%,0.45%,,,0.19%,1.83%,,,2/28/2015,0.00777737530160872,-0.00416142865327762,0.19%
3/31/2015,-2.91%,-1.85%,-1.31%,-2.66%,-1.23%,-1.69%,,,-1.94%,1.22%,,,3/31/2015,0.00934248566718505,0.00156511036557632,-1.94%
4/30/2015,2.82%,2.81%,2.05%,3.42%,2.77%,0.83%,,,2.45%,-2.00%,,,4/30/2015,0.00962836888081182,0.00028588321362677,2.45%
5/29/2015,-1.84%,-1.48%,-0.90%,-2.34%,-2.94%,-1.25%,,,-1.79%,0.60%,,,5/31/2015,0.00870066579007345,-0.00092770309073837,-1.79%
6/30/2015,1.62%,0.80%,0.78%,-0.11%,-0.08%,-1.01%,,,0.33%,-2.64%,,,6/30/2015,0.0109697138549917,0.00226904806491821,0.33%
7/31/2015,-1.87%,-1.11%,-1.18%,-2.34%,-0.84%,-1.87%,,,-1.54%,0.00%,,,7/31/2015,0.0110473188362021,7.76049812104013E-05,-1.54%
8/31/2015,0.86%,0.15%,-0.90%,-0.88%,-1.84%,-4.43%,,,-1.17%,-5.28%,,,8/31/2015,0.0180076987619505,0.00696037992574843,-1.17%
9/30/2015,-0.37%,-0.12%,-0.62%,-0.57%,-0.46%,-1.56%,,,-0.62%,-1.19%,,,9/30/2015,0.0142506075431789,-0.00375709121877163,-0.62%
10/30/2015,-0.99%,0.16%,1.06%,-0.47%,2.41%,3.30%,,,0.91%,4.29%,,,10/31/2015,0.0102412640205237,-0.00400934352265516,0.91%
11/30/2015,-3.88%,-1.79%,-1.68%,-2.36%,-0.22%,-0.81%,,,-1.79%,3.07%,,,11/30/2015,0.0100122831333098,-0.000228980887213858,-1.79%
12/31/2015,2.78%,0.75%,-0.89%,-0.11%,0.08%,-0.38%,,,0.37%,-3.15%,,,12/31/2015,0.0114180786974396,0.00140579556412975,0.37%
1/29/2016,-1.25%,-0.78%,-0.90%,-0.80%,-0.94%,-1.27%,,,-0.99%,-0.02%,,,1/31/2016,0.0161307466627482,0.00471266796530859,-0.99%
2/29/2016,0.92%,1.46%,1.32%,0.07%,1.20%,0.78%,,,0.96%,-0.15%,,,2/29/2016,0.0166375739922691,0.000506827329520936,0.96%
3/31/2016,3.45%,2.87%,3.43%,5.40%,2.77%,5.52%,,,3.91%,2.07%,,,3/31/2016,0.00978366282961114,-0.00685391116265797,3.91%
4/29/2016,1.42%,0.52%,1.55%,-0.06%,0.29%,0.89%,,,0.77%,-0.53%,,,4/30/2016,0.00993584237092267,0.000152179541311533,0.77%
5/31/2016,-3.26%,-1.18%,-2.83%,-2.49%,-2.56%,-4.14%,,,-2.74%,-0.88%,,,5/31/2016,0.00899494605994253,-0.000940896310980139,-2.74%
6/30/2016,2.30%,-1.89%,-0.04%,1.95%,1.89%,2.68%,,,1.15%,0.38%,,,6/30/2016,0.0163950049652217,0.00740005890527918,1.15%
7/29/2016,0.43%,0.22%,0.28%,1.03%,0.97%,0.75%,,,0.61%,0.32%,,,7/31/2016,0.00924230901355441,-0.00715269595166731,0.61%
8/31/2016,-0.98%,-0.31%,0.10%,-0.05%,-0.13%,-0.32%,,,-0.28%,0.66%,,,8/31/2016,0.00802991049578506,-0.00121239851776935,-0.28%
9/30/2016,1.16%,0.26%,1.30%,0.31%,0.17%,0.94%,,,0.69%,-0.23%,,,9/30/2016,0.00934804872012354,0.00131813822433849,0.69%
10/31/2016,-2.75%,-2.36%,-2.33%,-1.29%,-0.70%,0.19%,,,-1.54%,2.95%,,,10/31/2016,0.00798852240213163,-0.00135952631799191,-1.54%
11/30/2016,-3.31%,-2.37%,-2.07%,-1.32%,-2.65%,-4.61%,,,-2.72%,-1.30%,,,11/30/2016,0.0101734542289418,0.00218493182681018,-2.72%
12/30/2016,-1.02%,-0.61%,-0.27%,-1.10%,-0.33%,0.22%,,,-0.52%,1.24%,,,12/31/2016,0.00748700805422387,-0.00268644617471793,-0.52%
1/31/2017,2.69%,2.15%,1.88%,2.06%,2.34%,0.56%,,,1.95%,-2.13%,,,1/31/2017,0.00711621208929061,-0.000370795964933258,1.95%
2/28/2017,-1.73%,0.05%,0.45%,-0.42%,0.00%,1.97%,,,0.05%,3.70%,,,2/28/2017,0.00654888166636427,-0.000567330422926345,0.05%
3/31/2017,0.31%,0.56%,-0.63%,0.04%,0.05%,1.37%,,,0.28%,1.05%,,,3/31/2017,0.00692557281650149,0.000376691150137228,0.28%
4/28/2017,1.10%,0.44%,-0.16%,0.05%,-0.54%,1.15%,,,0.34%,0.05%,,,4/30/2017,0.00718658412941083,0.000261011312909339,0.34%
5/31/2017,3.45%,1.32%,1.05%,0.30%,2.24%,1.17%,,,1.59%,-2.28%,,,5/31/2017,0.00668366147321761,-0.000502922656193228,1.59%
6/30/2017,1.38%,-0.34%,0.50%,0.12%,1.74%,0.78%,,,0.70%,-0.60%,,,6/30/2017,0.00664959543890741,-3.40660343101954E-05,0.70%
7/31/2017,2.19%,2.11%,2.75%,1.21%,2.34%,0.68%,,,1.88%,-1.51%,,,7/31/2017,0.0066932341131177,4.36386742102852E-05,1.88%
8/31/2017,0.48%,-0.48%,0.20%,0.11%,-1.23%,0.86%,,,-0.01%,0.38%,,,8/31/2017,0.00665661029216795,-3.66238209497487E-05,-0.01%
9/29/2017,-0.68%,-0.32%,-0.51%,-0.99%,-0.01%,-1.00%,,,-0.59%,-0.32%,,,9/30/2017,0.00551603657834154,-0.0011405737138264,-0.59%
10/31/2017,-1.87%,-0.73%,-0.23%,-0.62%,-1.90%,-2.12%,,,-1.24%,-0.25%,,,10/31/2017,0.00585237918945483,0.00033634261111329,-1.24%
11/30/2017,2.09%,1.35%,-0.09%,2.04%,-0.18%,1.95%,,,1.19%,-0.14%,,,11/30/2017,0.0067264466047514,0.000874067415296572,1.19%
12/29/2017,0.62%,0.02%,1.37%,0.58%,1.69%,1.97%,,,1.04%,1.34%,,,12/31/2017,0.00632912540016409,-0.000397321204587317,1.04%
1/31/2018,3.41%,4.08%,2.62%,2.27%,1.91%,2.36%,,,2.78%,-1.05%,,,1/31/2018,0.00675532199709724,0.000426196596933152,2.78%
2/28/2018,-2.49%,-1.02%,-1.06%,-2.13%,-1.59%,-0.98%,,,-1.54%,1.51%,,,2/28/2018,0.0111288956450618,0.00437357364796452,-1.54%
3/30/2018,-0.11%,0.90%,0.06%,0.49%,-0.41%,0.38%,,,0.22%,0.49%,,,3/31/2018,0.00884791865416276,-0.002280976990899,0.22%
4/30/2018,-2.26%,-2.45%,-0.88%,-0.82%,-0.98%,-1.68%,,,-1.51%,0.58%,,,4/30/2018,0.00807209181317786,-0.000775826840984902,-1.51%
5/31/2018,-1.55%,-3.74%,-1.04%,-2.16%,-0.05%,-2.73%,,,-1.88%,-1.18%,,,5/31/2018,0.00823681466757191,0.000164722854394051,-1.88%
6/29/2018,-0.94%,-1.77%,-2.03%,-0.88%,-1.47%,-1.60%,,,-1.45%,-0.66%,,,6/30/2018,0.00906383765850359,0.000827022990931682,-1.45%
7/31/2018,-0.31%,0.76%,-0.28%,0.84%,0.29%,0.80%,,,0.35%,1.11%,,,7/31/2018,0.00751884540156454,-0.00154499225693905,0.35%
8/31/2018,-0.50%,-0.88%,0.04%,-0.29%,-1.32%,-6.16%,,,-1.52%,-5.66%,,,8/31/2018,0.00804095632558602,0.000522110924021476,-1.52%
9/28/2018,-1.16%,0.91%,0.17%,0.28%,0.00%,2.12%,,,0.38%,3.28%,,,9/30/2018,0.00772053488646661,-0.000320421439119408,0.38%
10/31/2018,-2.93%,-1.62%,-1.85%,-2.11%,-0.90%,-0.65%,,,-1.68%,2.28%,,,10/31/2018,0.0115878542760959,0.00386731938962927,-1.68%
11/30/2018,-0.28%,-0.60%,0.54%,0.90%,1.24%,4.47%,,,1.05%,4.75%,,,11/30/2018,0.00941108765351497,-0.00217676662258091,1.05%
12/31/2018,1.56%,0.46%,-0.59%,-0.59%,-0.56%,0.32%,,,0.10%,-1.24%,,,12/31/2018,0.0115068394406893,0.00209575178717435,0.10%
1/31/2019,-0.26%,1.99%,1.00%,2.32%,1.10%,3.06%,,,1.54%,3.32%,,,1/31/2019,0.00852402063615588,-0.00298281880453344,1.54%
2/28/2019,-1.27%,-0.46%,-0.86%,-0.90%,-0.66%,-0.83%,,,-0.83%,0.43%,,,2/28/2019,0.00777590422122487,-0.000748116414931008,-0.83%
3/29/2019,-0.83%,-1.71%,-1.24%,-0.61%,-0.12%,-0.81%,,,-0.89%,0.02%,,,3/31/2019,0.00757747962701745,-0.000198424594207419,-0.89%
4/30/2019,-1.09%,-0.55%,-0.61%,-1.17%,-0.16%,0.23%,,,-0.56%,1.32%,,,4/30/2019,0.00618365815501428,-0.00139382147200317,-0.56%
5/31/2019,0.40%,-2.09%,-1.10%,-1.07%,0.02%,-0.01%,,,-0.64%,-0.41%,,,5/31/2019,0.009348147102399,0.00316448894738472,-0.64%
6/28/2019,1.81%,1.90%,2.63%,2.86%,0.17%,2.17%,,,1.92%,0.36%,,,6/30/2019,0.0072806949964091,-0.00206745210598991,1.92%
7/31/2019,-1.96%,-2.36%,-2.27%,-1.68%,-0.13%,1.46%,,,-1.16%,3.42%,,,7/31/2019,0.00716810313846,-0.000112591857949098,-1.16%
8/30/2019,-0.18%,-1.77%,-2.18%,-2.34%,0.00%,-3.23%,,,-1.62%,-3.05%,,,8/31/2019,0.0107455640699313,0.00357746093147132,-1.62%
9/30/2019,-1.42%,-0.05%,0.13%,-0.22%,-0.03%,1.37%,,,-0.04%,2.79%,,,9/30/2019,0.00758576686660651,-0.00315979720332481,-0.04%
10/31/2019,1.16%,3.22%,0.95%,2.13%,0.95%,1.28%,,,1.61%,0.12%,,,10/31/2019,0.00882218489536482,0.00123641802875831,1.61%
11/29/2019,-1.42%,-1.38%,-0.53%,-1.03%,-0.26%,0.19%,,,-0.74%,1.61%,,,11/30/2019,0.00667067403478083,-0.00215151086058399,-0.74%
12/31/2019,1.61%,2.21%,2.94%,2.20%,1.00%,1.64%,,,1.93%,0.03%,,,12/31/2019,0.00706465278372193,0.000393978748941093,1.93%
1/31/2020,-0.67%,-2.45%,-2.79%,-2.63%,-0.02%,-0.56%,,,-1.52%,0.11%,,,1/31/2020,0.00870013084309034,0.00163547805936842,-1.52%
2/28/2020,-0.59%,-1.44%,-2.47%,-2.00%,-0.75%,-2.88%,,,-1.69%,-2.29%,,,2/29/2020,0.0140282126586055,0.00532808181551511,-1.69%
3/31/2020,-0.23%,-3.68%,-2.20%,-4.09%,-3.73%,-6.92%,,,-3.47%,-6.69%,,,3/31/2020,0.0426487415581075,0.028620528899502,-3.47%
4/30/2020,0.50%,0.89%,1.18%,2.77%,1.41%,0.66%,,,1.24%,0.16%,,,4/30/2020,0.0195863302623566,-0.0230624112957509,1.24%
5/29/2020,0.61%,0.17%,0.79%,0.58%,1.57%,2.44%,,,1.03%,1.82%,,,5/31/2020,0.0153579507976244,-0.00422837946473223,1.03%
6/30/2020,0.74%,1.10%,1.94%,2.47%,0.16%,0.50%,,,1.15%,-0.24%,,,6/30/2020,0.0155539847606577,0.000196033963033264,1.15%
7/31/2020,4.14%,4.45%,3.72%,1.08%,2.32%,1.16%,,,2.81%,-2.98%,,,7/31/2020,0.0108901138078895,-0.0046638709527682,2.81%
8/31/2020,0.70%,2.35%,1.65%,0.44%,-0.36%,0.85%,,,0.94%,0.15%,,,8/31/2020,0.0104650092048955,-0.00042510460299393,0.94%
9/30/2020,-1.41%,-5.19%,-1.17%,-1.20%,-0.52%,-0.48%,,,-1.66%,0.93%,,,9/30/2020,0.0114892754887357,0.00102426628384012,-1.66%
10/30/2020,-0.10%,-0.81%,-0.84%,1.18%,-0.33%,0.30%,,,-0.10%,0.40%,,,10/31/2020,0.010696017710704,-0.000793257778031678,-0.10%
11/30/2020,1.76%,3.71%,3.83%,1.13%,4.00%,3.78%,,,3.04%,2.02%,,,11/30/2020,0.0134504949831015,0.00275447727239756,3.04%
12/31/2020,2.25%,2.12%,2.24%,0.65%,0.76%,2.62%,,,1.77%,0.37%,,,12/31/2020,0.009230446566051,-0.00422004841705054,1.77%
1/29/2021,-0.91%,-0.77%,0.07%,0.00%,0.38%,0.04%,,,-0.20%,0.95%,,,1/31/2021,0.0111955934007582,0.0019651468347072,-0.20%
2/26/2021,-0.57%,0.36%,0.23%,-0.33%,-0.78%,-0.75%,,,-0.30%,-0.18%,,,2/28/2021,0.00992875283064877,-0.00126684057010943,-0.30%
3/31/2021,-3.50%,-2.75%,-1.54%,-0.85%,-0.98%,-0.93%,,,-1.76%,2.57%,,,3/31/2021,0.00961318146551306,-0.000315571365135709,-1.76%
4/30/2021,2.23%,2.00%,2.10%,0.71%,1.56%,1.17%,,,1.63%,-1.05%,,,4/30/2021,0.00780695283218801,-0.00180622863332505,1.63%
5/31/2021,1.06%,1.59%,1.54%,0.58%,1.52%,1.55%,,,1.31%,0.49%,,,5/31/2021,0.00976356128304652,0.00195660845085851,1.31%
