Dates,Portfolio1,Portfolio2,Portfolio3,Portfolio4,Portfolio5,Portfolio6,,,RX = Mean,HML = P6 - P1
11/30/1983,-0.0120945319740501,-0.0273992945981066,-0.0273886405033946,0.00447889750215325,-0.0242833668066461,-0.0169053126638562,,,-1.73%,-0.48%
12/30/1983,-0.012907671107028,-0.0179591836734693,-0.0141046831955923,-0.000604229607250817,-0.0122532334921714,-0.00899833854436541,,,-1.11%,0.39%
1/31/1984,-0.0371783496007099,-0.0388325413149869,-0.0170820021299254,-0.0399180844360427,-0.0368203716448728,-0.0255989492844466,,,-3.26%,1.16%
2/29/1984,0.0374306839186691,0.0822260735605622,0.0779481935923654,0.00257069408740351,-0.00160523950173364,0.0737812998388664,,,4.54%,3.64%
3/30/1984,0.00237099023709897,-0.00227667374107643,0.0363028953229398,-0.00678009466547269,-0.0334360761190029,-0.00241765575401148,,,-0.10%,-0.48%
4/30/1984,-0.0465820529948786,-0.0521691176470589,-0.0151167915381225,-0.00338961371194679,-0.0488163265306122,-0.0339351565215763,,,-3.33%,1.26%
5/31/1984,-0.012212389380531,-0.00987744649716482,-0.011195846178809,-0.0251241096481761,-0.0106474203229954,-0.00651755813574564,,,-1.26%,0.57%
6/29/1984,-0.0349356223175965,-0.0223580158159596,-0.0223249880401849,-0.0294736842105263,-0.0232658647266442,-0.0202058834839132,,,-2.54%,1.47%
7/31/1984,-0.0573753814852492,-0.0489767841788478,-0.0517110266159696,-0.0372604973501836,-0.039394384830222,-0.0575735411276692,,,-4.87%,-0.02%
8/31/1984,0.0160847880299251,0.000519210799584613,0.0101440874461742,0.00414619164619157,0.00291995877705253,0.0122643696875564,,,0.77%,-0.38%
9/28/1984,-0.0478520286396182,-0.062969004893964,-0.062547033285094,-0.0268016194331984,-0.0586890243902438,-0.0419701695165344,,,-5.01%,0.59%
10/31/1984,0.00661322645290596,0.00435356200527726,-0.00211425086399675,0.00356933879461674,0.00429876410531982,-0.0259559844344944,,,-0.15%,-3.26%
11/30/1984,-0.0235617514235225,-0.0249959631842402,-0.0254722381224957,-0.00961810466760971,-0.00242687444118028,-0.00686737758163958,,,-1.55%,1.67%
12/31/1984,-0.0226923076923078,-0.0217415730337078,-0.0211227402473834,-0.019268970997219,-6.39304436773625E-05,-0.0288972590037907,,,-1.90%,-0.62%
1/31/1985,-0.00917312946454507,-0.0145610667778124,-0.00689498886991609,-0.00399891522525793,-0.0202296221241271,-0.00412665814806294,,,-0.98%,0.50%
2/28/1985,-0.0577440128836027,-0.0341431696424893,-0.0376475863969961,-0.0424043388363197,-0.0696176196521429,-0.0400214002068553,,,-4.69%,1.77%
3/29/1985,0.0740790304995791,0.0423624541580959,0.0401689350431385,0.0525582752416407,0.0478738314084319,0.0744032607312525,,,5.52%,0.03%
4/30/1985,-0.00382998871647333,-0.00829394404551076,-0.00506517575678371,0.0041353237431746,-0.0291414196278213,-0.0122194788014856,,,-0.91%,-0.84%
5/31/1985,0.00833803192076754,0.00404118652868476,0.00546359945249642,0.00979476887838911,0.02377823218472,0.00749459806833452,,,0.98%,-0.08%
6/28/1985,0.00798284573070303,0.00575748687656878,0.0132140637399808,0.00758545818705692,0.0124495648899929,0.0364774102881632,,,1.39%,2.85%
7/31/1985,0.0657979497622148,0.0423016595983217,0.0285357422808898,0.0760749301649869,0.0650395735378122,0.0145015050102415,,,4.87%,-5.13%
8/30/1985,-0.00648898111842744,-0.0176035888579754,-0.00964879081576001,-0.00400902539159827,-0.00990343157772944,-0.0219890643457716,,,-1.16%,-1.55%
9/30/1985,0.0529569149615305,0.0244002040662469,0.0720505840110539,0.0214910400580304,0.0305463234000322,0.0296510355359046,,,3.85%,-2.33%
10/31/1985,0.0117479957304425,0.0140212012250322,0.00323144807273945,0.0171557652076386,0.0213294424701615,0.0334727146519363,,,1.68%,2.17%
11/29/1985,0.0223523507969093,0.023218088384043,0.0235230502320373,0.0333201953261644,0.0230093073036224,-0.00635031542287382,,,1.98%,-2.87%
12/31/1985,0.0170653157487997,0.00973227840185142,0.00915944998042795,0.0137594562440498,-0.0034560210714271,-0.0315057502615339,,,0.25%,-4.86%
1/31/1986,0.0192048658109859,0.00527039096102847,-0.00873292299462525,0.00652927131933556,0.052710160378792,0.0537923269388648,,,2.15%,3.46%
2/28/1986,0.0705263867383531,0.018764753981832,0.0224481741286856,0.0902034922464202,0.0275334686933728,0.0441879896025144,,,4.56%,-2.63%
3/31/1986,-0.0385327931224302,-0.00419045003637623,-0.04080526320935,-0.0168705084688208,-0.0168016581393272,0.00553804495512152,,,-1.86%,4.41%
4/30/1986,0.0721936780310545,0.0206723733290533,0.0423619077258203,0.0492641039600367,0.03081332593172,0.0726412720023214,,,4.80%,0.04%
5/30/1986,-0.0573625451722227,-0.0530453299583416,-0.0464566480780008,-0.0317159755285967,-0.0996525181151999,-0.0223721187097047,,,-5.18%,3.50%
6/30/1986,0.0644361182116469,0.0248323170827479,0.0504506534975472,-0.00559301214386276,0.0350856772941821,-0.00877662108883,,,2.67%,-7.32%
7/31/1986,0.0599007508333276,0.0174327167054896,0.00651766297494183,0.0048426388196301,0.0264849290125735,-0.0466856847291194,,,1.14%,-10.66%
8/29/1986,0.0139813490191324,0.0113698612117192,0.0113803869348399,0.0123130321160707,0.0133956396053171,-0.0037170351159409,,,0.98%,-1.77%
9/30/1986,-0.00245111781083029,0.000105473493262768,0.00395759208284459,0.0483445148264767,-0.00808696982686374,0.0157393624759279,,,0.96%,1.82%
10/31/1986,-0.0234624640397165,-0.0251989161824929,-0.0169438316753504,-0.0140716352923313,-0.0185156541193451,0.0257356221951825,,,-1.21%,4.92%
11/28/1986,0.014577688090847,0.0314204999064811,0.030024244108609,0.0309605383933372,0.0256540003176471,0.014122166940472,,,2.45%,-0.05%
12/31/1986,0.00973111696065887,0.0228266667560166,0.00886553281518173,0.0124199654389558,0.0255404947635508,0.0342927133785215,,,1.89%,2.46%
1/30/1987,0.0249964524615456,0.0249142877933296,0.0390841314335932,0.0414004342018817,0.0319864041138983,0.0277800812148814,,,3.17%,0.28%
2/27/1987,0.000649389770937721,0.00163632647901957,0.00377900300686177,-0.00786772833700618,0.0137725311838336,0.0295088537745247,,,0.69%,2.89%
3/31/1987,0.00699747256090388,0.019253490280401,0.01655178357956,0.0167775239171838,0.0280526297187373,0.0390458051454048,,,2.11%,3.20%
4/30/1987,0.0192243727388371,0.00320665045668319,0.0112852181008496,-0.00550749043129395,0.00731063240302121,0.0184020856779433,,,0.90%,-0.08%
5/29/1987,-0.0203902887505236,-0.00697363741595732,-0.0126204526023492,-0.0101503315014761,-0.0169905877040992,0.0089199913371197,,,-0.97%,2.93%
6/30/1987,-0.0136579950649633,-0.00388021201303775,-0.00649851092236176,-0.00566274302711123,-0.00368420702817529,0.0228785131038167,,,-0.18%,3.65%
7/31/1987,-0.0192783670696858,-0.00913147202776092,-0.0108688322158727,-0.0087493632644227,-0.0152208025760856,-0.0229790379162724,,,-1.44%,-0.37%
8/31/1987,0.0299104960225802,0.0159863960388823,0.010466852956337,0.0154628921935717,0.0222585356729032,0.0379570653781585,,,2.20%,0.80%
9/30/1987,-0.0231081244299578,-0.0106754739529785,-0.0115201846522405,-0.0115712243230937,0.00129770397097987,0.0211251863452675,,,-0.57%,4.42%
10/30/1987,0.0454024551872783,0.0380926298663686,0.0346148798710744,0.0317353417818494,0.0438455114488778,-0.0348627661955152,,,2.65%,-8.03%
11/30/1987,0.0410837031452186,0.0373810122974814,0.0192656419491946,0.0505600212522862,0.0505203666363664,0.0611426981397475,,,4.33%,2.01%
12/31/1987,0.0431830510442569,0.0250625584437208,0.02503571910753,0.0268184842055007,0.0365285581723885,0.019722836431636,,,2.94%,-2.35%
1/29/1988,-0.0287669411093625,-0.0510523455062753,-0.035864602527325,-0.0542221825001539,-0.0347018455171026,-0.0282092854568741,,,-3.88%,0.06%
2/29/1988,-0.0129956859288324,-0.0112927854040204,-0.0101993656387594,-0.0159373697823956,0.00399190885166545,0.0120929865588105,,,-0.57%,2.51%
3/31/1988,0.0118970619608495,0.0057537592208761,0.0194748056115467,0.0348339716934459,0.00534079806602591,0.0161043968881512,,,1.56%,0.42%
4/29/1988,-0.0134069238339872,-0.00947805338464077,-0.0116659033903521,-0.0044185623707906,-0.00883254539466523,0.0250717286824644,,,-0.38%,3.85%
5/31/1988,-0.0270969599351086,-0.0156439810470464,-0.0183177614650853,-0.0177093214887765,0.00867946220284566,-0.0038871588358147,,,-1.23%,2.32%
6/30/1988,-0.059884466707673,-0.032359849370195,-0.058227885954966,-0.0425715518494801,-0.0276298164721081,-0.027787265372477,,,-4.14%,3.21%
7/29/1988,-0.0229988609790678,-0.0089581568392713,-0.0176068269399517,-0.00543378410715726,-0.0284132934917244,0.00218545689941389,,,-1.35%,2.52%
8/31/1988,-0.0150669335219339,-0.0204798812212175,-0.0130954672160607,-0.0129577356758868,-0.0144816755968551,-0.0255119984843525,,,-1.69%,-1.04%
9/30/1988,-0.0021798349309962,0.00600280945739088,0.000420251830779206,0.00948580095852732,0.00398567348032719,-0.0117768720321982,,,0.10%,-0.96%
10/31/1988,0.0409249899917642,0.0387212521557877,0.0505836694201568,0.0122610445714719,0.0362884555135329,0.0408794000612152,,,3.66%,0.00%
11/30/1988,0.0153705342152072,0.022084003995133,0.0226181201332263,0.0345250402050705,0.0349768634111407,0.0469745606207509,,,2.94%,3.16%
12/30/1988,-0.0202190218747215,-0.0314945285458289,-0.0183579196780392,-0.00719867696483167,-0.0163295930568351,-0.0305067258246847,,,-2.07%,-1.03%
1/31/1989,-0.0389855211851818,-0.0374838775177027,-0.0568403340864078,-0.00838594318651609,-0.0320126375443353,-0.00313266117760214,,,-2.95%,3.59%
2/28/1989,0.0266658883036893,0.0070428238507767,0.0235410216017588,0.0049539954928027,0.0124670446662224,-0.0425684548845325,,,0.54%,-6.92%
3/31/1989,-0.0226168176405686,-0.032969568217956,-0.0369943439589343,-0.0192859439869493,-0.0288116764346669,-0.000537860233486972,,,-2.35%,2.21%
4/28/1989,-0.00341590202068861,0.00756236347541754,0.0051496020907987,0.00703134787629445,0.00561715980732225,-0.0075148612015569,,,0.24%,-0.41%
5/31/1989,-0.0288337857008929,-0.0414676506779241,-0.0530619955250549,-0.0296264516069776,-0.0398056634720661,-0.0549847668109786,,,-4.13%,-2.62%
6/30/1989,-0.00521556965329758,0.0100708342957508,0.0114566857804398,0.00262734925511669,0.000688592945872239,-0.00422599252506769,,,0.26%,0.10%
7/31/1989,0.0315297805379875,0.0318786564715385,0.0430592350246727,0.0272324726681407,0.0301439243594481,0.0465649701780616,,,3.51%,1.50%
8/31/1989,-0.025905506566903,-0.0472782048972352,-0.0311496620113619,-0.0393911722884922,-0.00716589668405902,-0.0239678170092951,,,-2.91%,0.19%
9/29/1989,0.0266963679699901,0.0265855370434123,0.0254014179119619,0.0366539278193145,0.00920326809061693,0.0277178720391223,,,2.54%,0.10%
10/31/1989,-0.00635975124739063,0.0086186159224414,0.0097463464086908,0.00863699572724164,0.00398403214273639,0.00726548448659866,,,0.53%,1.36%
11/30/1989,-0.000515510686670662,0.0141710204994628,0.0301465382330213,0.0103989804536973,0.0236295783022188,0.00873146601765899,,,1.44%,0.92%
12/29/1989,0.00504310141607034,0.0275810385294786,0.0516269601390342,0.0387140166005096,0.0177557999412052,0.0241720055089179,,,2.75%,1.91%
1/31/1990,-0.00338429118345834,0.00771684656979293,0.00356835165939795,0.0179714444955952,0.0113157509527926,0.00717570335988119,,,0.74%,1.06%
2/28/1990,-0.0118013424606812,-0.00197319388910511,-0.00314340805774432,-0.0131809732015255,-0.000765548128047189,0.00310734932069406,,,-0.46%,1.49%
3/30/1990,-0.0350358497712393,-0.00399580673661937,8.20614315049095E-05,0.000984644380915611,0.00272095883892809,-0.00488538537921752,,,-0.67%,3.02%
4/30/1990,-0.000254545395494743,0.00411124081794734,0.0192689921975734,0.00706193088143436,0.0138036898115494,0.0025118231679081,,,0.78%,0.28%
5/31/1990,0.0087102545411063,-0.0111854800505134,0.0279283499367184,-0.00706370599345563,-0.0114777607955424,0.00859323058256876,,,0.26%,-0.01%
6/29/1990,-0.00013319628192382,0.0178697897897897,0.00530879800239159,0.0167370653002981,0.0194216860349145,0.024030391249457,,,1.39%,2.42%
7/31/1990,0.0220792287921031,0.0476444941307993,0.0102505453216981,0.0504629972624107,0.0448030578012429,0.0314166464681247,,,3.44%,0.93%
8/31/1990,0.011310885146135,0.015380889519189,0.0033595055237905,0.0200670858135804,0.0105692991617079,0.0172257610504948,,,1.30%,0.59%
9/28/1990,-0.0026643990929705,-0.00493861144860169,-0.00145517739192347,0.00187863805783761,0.000615533891292652,0.00832839759926342,,,0.03%,1.10%
10/31/1990,0.0233282630343228,0.0283129810159056,0.0324224663696525,0.0148405488897781,0.031791007412499,0.00839296018603795,,,2.32%,-1.49%
11/30/1990,-0.00421403978651402,-0.00937644678734528,0.00982863440541759,0.000754256814573528,0.0115606622392737,0.00387917636481348,,,0.21%,0.81%
12/31/1990,-0.00443866035463858,-0.0108161352638526,-0.00147151458288075,-0.00440336162948263,-0.00950972234611469,-0.00798076624945762,,,-0.64%,-0.35%
1/31/1991,0.00253620876903526,0.0139981150602181,0.0140044907724333,0.0124741794594492,0.0184106794205078,0.0150158149885773,,,1.27%,1.25%
2/28/1991,0.000909693661004241,-0.0101093310381724,-0.0389970035233296,-0.0306283447229315,-0.0268344231894968,-0.00616625126462276,,,-1.86%,-0.71%
3/29/1991,-0.050476182015771,-0.0650744975744975,-0.0447521279682979,-0.103064842097425,-0.0549664302671373,-0.0648306588671674,,,-6.39%,-1.44%
4/30/1991,0.00963233915411477,0.0205215232095811,-0.000916351452574626,-0.00268682450902058,0.00304264820066669,0.0007699997779845,,,0.51%,-0.89%
5/31/1991,0.00380419578730234,-0.00695225384926729,-0.0117511777475451,-0.00311677885301215,-0.010367722165475,-0.0109592532294268,,,-0.66%,-1.48%
6/28/1991,-0.00215554919211042,-0.0239000297502835,-0.0210945145506052,-0.0182271124322684,-0.0414872075217151,-0.0258816457372735,,,-2.21%,-2.37%
7/31/1991,0.00933463308506244,0.0130457343573257,-0.00283672126380069,0.0410296472875218,0.0125606900097104,0.0326550628771017,,,1.76%,2.33%
8/30/1991,0.00603275999340425,0.00185138418793829,0.00546704414968324,0.00127835400632748,0.00543935358095926,0.00320871019323518,,,0.39%,-0.28%
9/30/1991,0.0132110669332791,0.0432090252238799,0.0152139725755026,0.0191410073838834,0.0543958557471078,0.0440231652159621,,,3.15%,3.08%
10/31/1991,-0.00214762877923091,-0.000228276557784513,-0.00460035816118048,-0.00651299250317539,5.33004531457215E-05,-0.00162557112230272,,,-0.25%,0.05%
11/29/1991,0.00792152415713143,0.00651343760003242,0.00583303133618068,0.00388830169562254,0.0272352497185548,0.0227050365672516,,,1.23%,1.48%
12/31/1991,0.0128274012976928,0.0119443700305554,-0.0130667542988723,0.0158336554266591,0.0732309951056344,0.0659177661966298,,,2.78%,5.31%
1/31/1992,-0.00277473873608669,-0.00244725753082642,-0.00982432116962773,-0.00596551962888608,-0.0492224473201858,-0.0389395573241414,,,-1.82%,-3.62%
2/28/1992,-0.00121225099553196,-0.00727987616662401,-0.000705162566417283,-0.00853168578925717,-0.0168396055947132,-0.0134363738319965,,,-0.80%,-1.22%
3/31/1992,-0.00210873272303008,-0.0178864095950788,0.011156420712472,-0.00323658308416042,-0.000307082129276715,-0.00290343821531479,,,-0.25%,-0.08%
4/30/1992,-0.000513970084056903,-0.00835931069167811,-0.00921189992067223,0.00864247422653541,0.00129205586859793,0.00786043553217286,,,0.00%,0.84%
5/29/1992,0.0107621721216039,0.0189841716524615,-0.00152716220976223,0.0278055681100767,0.0339504694691011,0.035123163639113,,,2.08%,2.44%
6/30/1992,0.0045932806248099,0.0111567503335823,0.0031035779778405,0.0307196825494832,0.0611922065696675,0.0505640028396222,,,2.69%,4.60%
7/31/1992,0.00147702925716509,0.000328579977967647,-0.000591326665872916,0.0237992204677193,0.0349492309728333,0.0275895329016991,,,1.46%,2.61%
8/31/1992,0.00508159058415392,0.0113648342770094,-0.0210953143709636,0.0227789407073294,0.0549652109366441,0.0424316887068096,,,1.93%,3.74%
9/30/1992,0.00270915745327349,-0.00599365340951868,-0.00710069858686468,-0.00677332736042779,0.00944700790192915,-0.0423914429161316,,,-0.84%,-4.51%
10/30/1992,-0.0372605201746462,-0.0139365736794229,-0.0231415549488461,-0.0519727753898741,-0.0325001832739123,-0.0764548256058772,,,-3.92%,-3.92%
11/30/1992,-0.004971999061054,-0.0135145938171611,-0.0168914542280794,-0.0368212504668689,-0.0294867414863043,-0.0459261070646034,,,-2.46%,-4.10%
12/31/1992,-0.00116279069767444,0.00412371134020617,-0.00252161398912326,-0.0151770041329631,0.00531197982345522,-0.022016784378224,,,-0.52%,-2.09%
1/29/1993,-0.000214139238308209,-0.00128647934163439,-0.0145820516428358,-0.00716101269328079,0.00341890668073774,0.000957809748835002,,,-0.31%,0.12%
2/26/1993,0.00150832154191372,0.0408360843967338,-0.0138266501213016,-0.0119767313915856,-0.000389205181699381,-0.0258019530327814,,,-0.16%,-2.73%
3/31/1993,0.00180823441770339,0.0189190345065567,0.00944493292233023,0.039105299300858,0.019555175501785,0.014875026638386,,,1.73%,1.31%
4/30/1993,0.00755138879736972,0.0118223758361127,0.0223430108068028,0.0329274640840119,0.016450526722333,0.035977791585876,,,2.12%,2.84%
5/31/1993,0.0197574909348666,-0.0115166895419602,0.00717491423762173,0.000846858879436307,0.00861714257203533,0.00509366909726259,,,0.50%,-1.47%
6/30/1993,0.00208697246123651,-0.0100161892273299,-0.044015615796171,-0.0242477218166193,-0.0339499702740415,-0.0585903565737458,,,-2.81%,-6.07%
7/30/1993,0.00878293135435992,-0.00106643872426837,0.0127468243982321,0.012509059263238,-0.0149694211916063,-0.0327870785550702,,,-0.25%,-4.16%
8/31/1993,0.00719809455319143,-0.0130160001872918,0.00270043950763826,0.000417462832532523,0.0333948891776305,0.0156951843897864,,,0.77%,0.85%
9/30/1993,-0.00500714792770535,0.00212428599515335,0.000920536635706959,0.0126192689143445,0.00532252396529676,0.0218983073796984,,,0.63%,2.69%
10/29/1993,-0.0101444153840689,0.00296077535005718,-0.00249311104299882,0.00171804712389995,-0.0160664640289938,-0.0137175909512024,,,-0.63%,-0.36%
11/30/1993,-0.0247320690887313,-0.0036103399221501,-0.00648317218589634,-0.0106814784559859,-0.0178307862996494,-0.0136885226001503,,,-1.28%,1.10%
12/31/1993,-0.0144032136024102,0.00445529866710076,0.0203581221868494,-0.0060777694449683,-0.0134522668344795,0.00122560713112028,,,-0.13%,1.56%
1/31/1994,0.00120294033222262,-0.00135475875537361,0.0111320443689765,0.0295238693645185,0.00678803222579355,0.011551859336073,,,0.98%,1.03%
2/28/1994,0.029290077313669,-0.00938264582003184,0.00997522475612656,0.0160683394261076,0.0134811993964385,0.00545375750187417,,,1.08%,-2.38%
3/31/1994,0.0156476151677475,-0.00866096516417331,0.00668801138384922,0.00377065586074804,-0.0111630420991367,0.023993292985362,,,0.50%,0.83%
4/29/1994,0.00233203737058685,0.0043282274273555,0.00757984673235279,0.00989151418246115,0.00532143709803146,0.0089496597516826,,,0.64%,0.66%
5/31/1994,0.00406890076413008,0.00193757458006505,0.0227228834184811,0.00501627568601348,0.0111577502326428,0.00165669582195436,,,0.78%,-0.24%
6/30/1994,0.0262412824673992,0.00169650046706121,0.020147451978,0.0118748346123313,0.034483221674058,0.0202677815345597,,,1.91%,-0.60%
7/29/1994,-0.00832657508322754,-0.000828018376003048,-0.000615952087732741,-0.00359997743718671,0.00276887816276017,-0.00263779858066666,,,-0.22%,0.57%
8/31/1994,0.00541118295333076,0.00662950047235866,0.00168209927493257,0.00415510551660248,0.00281746662432414,0.00692240697420004,,,0.46%,0.15%
9/30/1994,0.00415627380070366,0.0218155664692571,0.00959161926176111,0.0212877851108783,0.0212322135835623,0.0137088868335096,,,1.53%,0.96%
10/31/1994,0.0158517759925115,0.0124126774769763,-0.0053038182880864,0.0307360170455804,0.0327616235359631,0.0250517684703208,,,1.86%,0.92%
11/30/1994,-0.00966521049013219,-0.0213066610794959,-0.0194557473286597,0.0110260180115953,0.00156250459588148,-0.0385924219149109,,,-1.27%,-2.89%
12/30/1994,0.00168908567697668,-0.000629962085250124,0.0110822909988414,-0.00712017765470663,0.00325919303431044,0.00737082721473091,,,0.26%,0.57%
1/31/1995,-0.00328644580948073,0.00658063585898633,0.01269984774817,0.00745549467713313,0.00331853361535106,-0.00246500368583678,,,0.41%,0.08%
2/28/1995,0.0164001337497741,0.0431956972641073,0.0227034549329367,0.0323223042670032,0.0204553019027078,-0.00661822264943536,,,2.14%,-2.30%
3/31/1995,0.0690941206881696,0.0700005290723222,0.0617525456014723,0.0364599352757395,0.0348582925538954,0.00479120367150302,,,4.62%,-6.43%
4/28/1995,0.0201191871365457,-0.0161898506576273,-0.0160528043872564,0.010865735953194,-0.00663196670253113,0.00599003566428199,,,-0.03%,-1.41%
5/31/1995,-0.00634672736750797,-0.0212073534433445,-0.00962909448148713,-0.0114276151295702,-0.00668397585931502,-0.00490309240582543,,,-1.00%,0.14%
6/30/1995,-0.00586501908895698,0.0142482078853047,0.0148282454682172,0.00888033524837545,0.0121024232178013,0.00682723305204414,,,0.85%,1.27%
7/31/1995,-0.0207143996627127,-0.00394318856525627,-0.000429207832887746,-0.00466661353608372,0.00339831363844167,0.0196689086793216,,,-0.11%,4.04%
8/31/1995,-0.0737939432885804,-0.0397039068244753,-0.051198259547397,-0.00842874613257327,-0.0537728161478405,-0.0110269460037095,,,-3.97%,6.28%
9/29/1995,0.0134788036479276,0.0111815137724601,0.0225631942210655,0.0256772636904866,-0.00298837694946308,0.0152864807027247,,,1.42%,0.18%
10/31/1995,-0.0108307735370553,0.00587877743101106,0.00881549495351208,-0.000209449639648363,0.00321186894390935,0.0117517492514657,,,0.31%,2.26%
11/30/1995,-0.0173443135970385,-0.014308912326893,-0.0260645496386011,-0.0139393921077634,-0.00625108835036747,-0.010517892321323,,,-1.47%,0.68%
12/29/1995,-2.25711065597878E-05,0.00119169415470721,0.00710503107071159,0.00035513789758268,-0.000638255979948155,0.00691692173141732,,,0.25%,0.69%
1/31/1996,-0.0446339121897312,-0.0244155807958811,-0.0391766192299965,-0.0369718607393519,-0.00465496326956888,-0.00529850590156654,,,-2.59%,3.93%
2/29/1996,0.0113590862393634,0.00720553438493599,0.0107088665582493,0.00598457853596779,0.00869478609266172,0.00627733211706275,,,0.84%,-0.51%
3/29/1996,-0.00725193795033657,-0.00393845218416161,-0.00431421978665691,-0.00452842670660869,0.0027934808849272,0.00430174915132902,,,-0.22%,1.16%
4/30/1996,-0.0130194983400976,-0.0202325506123947,-0.0330006611507361,-0.0311641344788445,-0.00024973220400093,-0.0100209357561419,,,-1.79%,0.30%
5/31/1996,-0.0210262092984843,-0.00233999449112376,-0.00014773751979541,0.00179000537927693,-0.00439707643395204,0.00847789873772632,,,-0.29%,2.95%
6/28/1996,-0.00918105131236663,-0.000769857969489807,-0.00119687421336201,0.00420457925784479,0.000859268498641597,0.00555751669696219,,,-0.01%,1.47%
7/31/1996,0.0311011048395747,0.0299071391121841,0.011476233877699,0.00981095657763109,0.00937076991179797,-0.00453420010816877,,,1.45%,-3.56%
8/30/1996,-0.0119202109797766,-0.00706535735562269,-0.0114192731020077,-0.00212534415775212,0.00145967603463737,0.00723699573049049,,,-0.40%,1.92%
9/30/1996,-0.0390546016465858,-0.0338776305489812,-0.0246451774448431,-0.000646867216604674,-0.00953734734037265,6.48068593344891E-05,,,-1.79%,3.91%
10/31/1996,-0.0148302182007544,0.00634616502248153,0.0067047380261529,0.00547653556612632,0.0125648381329821,0.00419409796804909,,,0.34%,1.90%
11/29/1996,-0.0193045451207328,-0.0187121458771394,-0.0161412435951873,-0.00647800993147607,-0.0158627203268419,0.0135029498259499,,,-1.05%,3.28%
12/31/1996,-0.0290931875714384,-0.0162077464974446,-0.0072155778410406,-0.00578114135279845,-0.012796277446561,-0.00312936255111684,,,-1.24%,2.60%
1/31/1997,-0.0517079605915377,-0.0203885028109777,-0.0559198504424799,-0.0324911329101812,-0.0302841634352726,-0.0192784195734899,,,-3.50%,3.24%
2/28/1997,-0.0224373306068931,-0.0307533001257744,-0.0205234434454476,-0.00501204688182269,-0.00244870979078728,-0.0120537939251498,,,-1.55%,1.04%
3/31/1997,0.00149209032547895,0.0110740883379936,-0.0028305808209274,0.00308696067006375,0.00781459332536587,0.00692177202731048,,,0.46%,0.54%
4/30/1997,-0.043129408256134,-0.0333842050238822,-0.0272361332489643,-0.0152588341863841,-0.00957546495057839,-0.0115685767933991,,,-2.34%,3.16%
5/30/1997,0.0320251800336746,0.00936396491691616,0.00864768184691036,-0.00578788099203553,0.00268734477110799,0.00731237756867504,,,0.90%,-2.47%
6/30/1997,-0.0108462965370572,-0.0243421819343443,-0.0119631818409444,-0.00385532645705577,-0.00120679725841735,0.00245422787281156,,,-0.83%,1.33%
7/31/1997,-0.0473024572613253,-0.0418504218853182,-0.0356708200793754,-0.0168691572408792,-0.0288120637210387,-0.0531938207240453,,,-3.73%,-0.59%
8/29/1997,0.00870488699767569,0.0131190123011774,0.00140132366854144,0.00639031171355771,-0.000594364289599936,-0.0287937187392619,,,0.00%,-3.75%
9/30/1997,0.0147448523314448,0.0137910928917466,0.0199587699726504,-0.00653637427537097,0.00479273213462323,-0.0261461754675547,,,0.34%,-4.09%
10/31/1997,0.0226432489451505,0.0114587272315784,0.000356787790461821,-0.00426934019800154,0.00693496119938626,-0.0351901406128596,,,0.03%,-5.78%
11/28/1997,-0.0320435351658288,-0.0257227706075784,-0.0234635807089594,-0.0147413928654553,-0.00808374099717835,0.000466436528439177,,,-1.73%,3.25%
12/31/1997,-0.0231129564460921,-0.0195170623879625,-0.0215582241515842,-0.0459552008538381,-0.0345185628381423,-0.0716147872481173,,,-3.60%,-4.85%
1/30/1998,-0.0123194384922841,-0.0217771839738196,-0.00962820795912915,-0.0153664619746061,-0.10008196206774,-0.0182071451279769,,,-2.96%,-0.59%
2/27/1998,0.00366531886289208,0.00598905167323991,0.0139421936054903,0.0226278790621356,0.0214751385762741,0.0827829243569377,,,2.51%,7.91%
3/31/1998,-0.0291231682633036,-0.0155847599488388,-0.0119165270835249,-0.00489659015483612,0.0095200512300766,-0.0055817162315663,,,-0.96%,2.35%
4/30/1998,0.0226417733429832,0.0266206494313646,0.0052502586808396,0.00758165560933782,0.00350007415396941,0.0205858632419917,,,1.44%,-0.21%
5/29/1998,-0.00336315086964606,0.00272759272034456,-0.0190008176878946,-0.013222277633641,-0.0087678261925687,-0.0485905727328516,,,-1.50%,-4.52%
6/30/1998,-0.0142569072288348,-0.0152737887235736,-0.00935009964531937,-0.00781943261342299,-0.0103098355829359,-0.0730250869887065,,,-2.17%,-5.88%
7/31/1998,0.00419679809749431,0.0103803891048363,-0.0032312674939924,-0.00657955106493161,0.0199337105931267,0.036196297561529,,,1.01%,3.20%
8/31/1998,0.0122234261832142,0.00191367307525468,-0.0217750936530629,-0.00473073889024428,-0.0241133594064666,0.00894054635431372,,,-0.46%,-0.33%
9/30/1998,0.0481864780505441,0.0496165749557365,0.0318101705279504,0.03856787415114,0.0320076104524052,0.0634299242476046,,,4.39%,1.52%
10/30/1998,0.0414416867304367,0.0107481547231467,0.0253598750701894,-2.79101516233782E-05,0.0119973308784046,0.0801087316245043,,,2.83%,3.87%
11/30/1998,-0.0281056122433979,-0.0225875645038734,-0.0224540924937585,-0.000358850641469988,-0.000431238589539751,0.00281314708824645,,,-1.19%,3.09%
12/31/1998,0.0217712433466982,0.00998763451162348,0.0129673400373845,-0.00478419673680755,-0.00274709333970775,0.00854278110476936,,,0.76%,-1.32%
1/29/1999,-0.0307921538889191,0.0130198645728176,-0.00393328083072811,0.00884912594840462,-0.0245753880276925,-0.0191494593614411,,,-0.94%,1.16%
2/26/1999,-0.0247030912442897,-0.0313249753727725,-0.00589669672059734,-0.0194648876787585,-0.0201142450098234,0.00379956746851811,,,-1.63%,2.85%
3/31/1999,-0.00847526331386281,-0.00147166620254807,0.00132155372808701,-0.00077616013165116,0.00058467868989398,0.0233527207128572,,,0.24%,3.18%
4/30/1999,-0.0110545179648697,0.0112062685368763,0.0113063311046515,-0.0016861156632085,0.00785889149252828,0.0330429746848039,,,0.84%,4.41%
5/31/1999,-0.0162456121966439,-0.0216465981478702,-0.00931144739465045,-0.00232916992114013,-0.00616321344880136,-0.00556045612751135,,,-1.02%,1.07%
6/30/1999,-0.0047301697512615,-0.00382680237652322,0.00760668281379592,-0.003353154154105,0.00442487200929165,0.0536233845093038,,,0.90%,5.84%
7/30/1999,0.03227125874298,0.0131129602109178,0.00055893415141417,0.000758049445569842,0.00750701368155021,0.0165647579310519,,,1.18%,-1.57%
8/31/1999,0.00199316619213194,-0.0183202080557586,0.00173053261426467,-0.00761396797153749,-0.0131807619868045,-0.013894008639392,,,-0.82%,-1.59%
9/30/1999,0.0066527521195171,0.00485136480418127,-0.00428550892175572,0.00426751050261695,0.00104579851573858,-0.00653510523342167,,,0.10%,-1.32%
10/29/1999,0.000972719969520669,-0.0162145989559388,-0.00257272731705457,-0.0128758359233273,0.0214219394422761,0.0391737457916347,,,0.50%,3.82%
11/30/1999,-0.0206505694379939,-0.0190015957545469,-0.0162691687882228,-0.00773795627194923,-0.00790932796586721,-0.017856202538057,,,-1.49%,0.28%
12/31/1999,-0.004083530835676,0.00128608755707216,0.0133658775721442,-8.27999597607931E-07,0.0126651841383183,0.00956976480277503,,,0.55%,1.37%
1/31/2000,-0.0247423786710874,-0.0189845584240861,-0.0242795266502315,-0.00755428906929617,-0.0158006688615678,-0.0074401852075157,,,-1.65%,1.73%
2/29/2000,-0.0169192471419876,-0.0116511875269967,-0.0177590735661738,-0.0104687047227395,-0.00359113910695733,0.00201928205744739,,,-0.97%,1.89%
3/31/2000,0.0161555415912787,-0.0122376436105346,0.00792330637607841,0.00237588465767402,-0.00382866202069232,-0.00230772605514014,,,0.13%,-1.85%
4/28/2000,-0.0247161778589797,-0.0445439209283128,-0.0326070204178617,-0.00510176419834532,-0.0227238261736288,-0.0200544190973782,,,-2.50%,0.47%
5/31/2000,0.0024936715433975,-0.00832723425983936,-0.0148468101965142,-0.0158072009605146,-0.012721133089449,-0.0156364704181233,,,-1.08%,-1.81%
6/30/2000,0.0208667022624164,0.0210582425563901,0.0345661545960456,0.000606102973065237,0.00890125102974268,0.0017601291904181,,,1.46%,-1.91%
7/31/2000,-0.0287220716167123,-0.027680901229606,-0.0173764089859024,-0.0288223591161278,-0.016117226856389,0.00035133688384017,,,-1.97%,2.91%
8/31/2000,-0.0128142885008713,-0.0329607664472977,-0.00392043710002851,-0.0225867619988385,-0.00119547578869914,0.00524466555746943,,,-1.14%,1.81%
9/29/2000,-0.0110287764272861,-0.0176122295943612,-0.00433046529922743,-0.0281982974361012,-0.0144517156643106,-0.0161946273494629,,,-1.53%,-0.52%
10/31/2000,-0.0261298061529983,-0.0310530005926835,-0.025558722863969,-0.00766140786720182,-0.0335276794314998,-0.0361264930290036,,,-2.67%,-1.00%
11/30/2000,0.00159265462294603,0.0199591610358458,-0.00491670578512277,0.00839451431370053,0.00162438833415504,0.0103934810258663,,,0.62%,0.88%
12/29/2000,0.0260427683720205,0.0574014623727969,0.0279164969828821,0.0319565087984655,0.0298173783459713,-0.00640872728560601,,,2.78%,-3.25%
1/31/2001,-0.0140235517107508,-0.00463735447841301,-0.00989212279235829,0.00396949102839195,-0.00598032834465634,0.0179039403852181,,,-0.21%,3.19%
2/28/2001,-0.0140753543330912,-0.012336366767709,-0.00757002241818476,-0.0106640359437934,-0.0198120143373028,-0.00365987742999466,,,-1.14%,1.04%
3/30/2001,-0.044635028198865,-0.0474764657595242,-0.0151171784857079,-0.0227514876445172,-0.0280197102222224,-0.0185597059458956,,,-2.94%,2.61%
4/30/2001,-0.00198205036273476,0.00425911512033683,0.00934993968319668,0.0149055228957213,0.00929659861831977,8.73832215016607E-05,,,0.60%,0.21%
5/31/2001,0.0027393959639936,-0.0170623359665742,-0.00286336540864888,-0.0283777256886922,-0.0193117097478152,0.000372763517733396,,,-1.08%,-0.24%
6/29/2001,-0.0200361268191945,-0.00331408263516175,-0.000708319807779671,0.00123513365967061,-0.000378900924221733,0.00254491544723171,,,-0.34%,2.26%
7/31/2001,0.0094934011877101,0.0130343099577527,0.00893983202254386,0.0118254229802727,0.0221542856493298,-0.0014446736797178,,,1.07%,-1.09%
8/31/2001,0.0386417138526384,-0.000132762400273675,0.0143583849446164,0.027690241176721,0.0179246567734738,0.0236526075170848,,,2.04%,-1.50%
9/28/2001,0.00507296424106851,-0.00102628918858842,-0.0133510860983455,0.00284190945964339,-0.0187539185399218,-0.0209981282605775,,,-0.77%,-2.61%
10/31/2001,-0.0232649422845799,-6.06315253400454E-06,-0.00563617433435493,0.00400447677600879,-0.00464948374695436,0.00065566265451017,,,-0.48%,2.39%
11/30/2001,-0.00391105943742032,2.27049176122485E-05,-0.00236453761530312,-0.000704257606548723,0.00719409413088705,-0.00347803585423236,,,-0.05%,0.04%
12/31/2001,-0.0257499558107818,-0.00522782622650656,-0.00722286510626598,0.00458051277941866,0.0162141682857308,-0.0118403900703317,,,-0.49%,1.39%
1/31/2002,-0.0111374314681444,-0.000131855949694393,-0.0276910841855664,-0.0111395938212638,-0.000538760505585906,0.0509903668238788,,,0.01%,6.21%
2/28/2002,0.00149642580045661,-0.00198271655183255,0.00690625754252569,0.0114019206776137,0.00787436768145805,-0.00421911706524361,,,0.36%,-0.57%
3/29/2002,0.00400054989170071,0.0020009620973219,0.00788646148370392,0.0199713605252296,0.0167451284877758,0.0276154487514364,,,1.30%,2.36%
4/30/2002,0.0220521300533201,0.00550310704066734,0.02041080826759,0.0224324174037417,0.0271656108784506,0.0245978323999247,,,2.04%,0.25%
5/31/2002,0.0243897211335657,0.00686297077395162,0.0256557714860736,0.0399093517177594,0.0480024913733471,0.0123330994770724,,,2.62%,-1.21%
6/28/2002,0.0297006377731197,0.00456368563891543,0.0327970003306526,0.0507561446147865,0.0253658927303403,-0.0134872206472229,,,2.16%,-4.32%
7/31/2002,-0.00172811312161272,-0.00316697762047488,-0.0127116928426294,-0.00792259891441891,-0.0183146202411445,-0.00666069685094745,,,-0.84%,-0.49%
8/30/2002,-0.00248833863918255,-0.00119103988769861,0.0034710460264307,-0.000809500265192303,0.0019539182600174,0.0132554326505827,,,0.24%,1.57%
9/30/2002,-0.0110906904685176,-0.00629752150451299,0.000482415183980178,0.00537454895433173,-0.00320475783880331,0.00433570754895359,,,-0.17%,1.54%
10/31/2002,0.000751538994500423,0.00358627638277245,-0.00233321913471102,0.00515331117523848,0.0131783245568134,0.024079517164056,,,0.74%,2.33%
11/29/2002,-0.00217465793876886,-0.00127549275112143,0.00239331955142308,0.00649998317342479,0.00926770987162973,0.0448340910797005,,,0.99%,4.70%
12/31/2002,0.0306992530587307,0.00160192306304399,0.0216304788354436,0.0400290985962994,0.0176910986333015,0.0324325158539466,,,2.40%,0.17%
1/31/2003,-0.000102003830858094,0.000223498408564893,0.0220429332043113,0.0189097444463778,0.0232600163321338,0.000971211752944753,,,1.09%,0.11%
2/28/2003,0.00552682207822555,-0.000178316274610513,0.0063448157917243,-0.00345812574146953,0.0115221271415978,0.00958668811798128,,,0.49%,0.41%
3/31/2003,-0.00360795038390782,-0.000772763924743736,0.00793465546847505,-0.00584852491208562,-0.00152425954946497,-0.00156918523471755,,,-0.09%,0.20%
4/30/2003,-0.00440920394237454,0.000361470911766443,0.0223387331334973,0.02805410105513,0.0238082920238252,0.0673194450318503,,,2.29%,7.17%
5/30/2003,0.0170127932219963,0.00680077098688137,0.0291811800121062,0.0457531877233544,0.0344074264863308,0.0154533087874441,,,2.48%,-0.16%
6/30/2003,-0.013223201506857,-0.0018026834390657,-0.0204405347532082,0.000647205892950697,-0.00851066785629601,-0.000135968391565896,,,-0.72%,1.31%
7/31/2003,-0.0024244353832121,0.000245820393147966,-0.0192175179873496,-0.0209196085926608,-0.00264842708868099,0.00309742777808416,,,-0.70%,0.55%
8/29/2003,0.00581263009721678,0.00529932983751141,-0.0198098615906805,-0.0118616762268539,-0.0086148741833709,0.00551876981790657,,,-0.39%,-0.03%
9/30/2003,0.0325564092500784,0.00896747295482891,0.0546545575899371,0.0435678302948322,0.0325404118834193,0.0351373051159834,,,3.46%,0.26%
10/31/2003,-0.00154661011732127,3.79080224928163E-05,-0.00213158520121837,0.00383388847061922,0.0122940954212894,-0.00621769538424014,,,0.10%,-0.47%
11/28/2003,0.0114229152854271,0.00603413053306751,0.0129736885747963,0.0262006388048585,0.00570368548547895,0.0275647903280187,,,1.50%,1.61%
12/31/2003,0.0174082977262549,0.00433576708876282,0.0361322282078291,0.0301353250158284,0.0275461804920421,0.0232054670730954,,,2.31%,0.58%
1/30/2004,0.00213367448016186,0.00333789950902466,-0.0181674699605556,-0.025666355638119,0.00531829985809684,0.00691927084387358,,,-0.44%,0.48%
2/27/2004,-0.0101380557885398,-0.00176317062375328,0.00547282008242572,-0.00133662975873808,0.0110220670575177,0.0204017134452673,,,0.39%,3.05%
3/31/2004,0.0165186332183382,0.0125913369230803,-0.00413732828657698,0.00102525400685882,0.00817697732737147,0.0147497307238988,,,0.82%,-0.18%
4/30/2004,-0.022623842382794,-0.00913476947011171,-0.00962832436287425,-0.0257138329834727,-0.0405085675913848,-0.0371942761527942,,,-2.41%,-1.46%
5/31/2004,0.00225519197938026,-0.000542292483873413,0.0133652667525223,0.0179926823236656,0.0112748035660426,0.020306372270093,,,1.08%,1.81%
6/30/2004,-0.00283025692478708,-0.00573547486016454,-0.0101790895723126,0.00088028908091306,0.00277639921125092,0.0141100410178178,,,-0.02%,1.69%
7/30/2004,-0.0132640306799247,-0.00281068795839701,-0.00787606815983194,-0.00649316486232363,0.00522505567378373,0.00778419893672331,,,-0.29%,2.10%
8/31/2004,0.00560290945721109,0.00425866982304421,0.0129217859319135,0.00284074684856583,0.00074483722923116,-0.0012669328727676,,,0.42%,-0.69%
9/30/2004,0.00296698903401738,0.0104998344778298,0.028448688589955,0.00963329019900028,0.019613938775139,0.0213733771562065,,,1.54%,1.84%
10/29/2004,0.0219343412624718,0.0188768121098194,0.0185113002459783,0.023387860388315,0.019634219040762,0.0258461652815449,,,2.14%,0.39%
11/30/2004,0.0306189381288696,0.0383499295605331,0.0223585048265739,0.038471440392097,0.0471729591131508,0.0409539454371165,,,3.63%,1.03%
12/31/2004,0.000611817793452762,0.010744797591787,0.010473034441267,0.0144239437441972,0.00870557893386992,0.0350349792367286,,,1.33%,3.44%
1/31/2005,-0.0168493723012358,-0.0350893512924066,-0.0188458098206552,-0.00266169937036204,-0.0163518494972117,-0.0104091146021973,,,-1.67%,0.64%
2/28/2005,0.00939180502672921,0.0145263190158468,0.0157863685388082,0.00674374231187802,0.0140977143646329,0.0375594398559597,,,1.64%,2.82%
3/31/2005,-0.017804269347692,-0.0236500478472596,-0.019114970790988,0.00159185763858635,-0.011820301746415,-0.0390677646741912,,,-1.83%,-2.13%
4/29/2005,0.00649594767771966,-0.00926019903722297,-0.00453089912452434,-0.00451896499475363,-0.00626154936473525,0.0064782312224931,,,-0.19%,0.00%
5/31/2005,-0.0200531760888166,-0.0272297902165554,-0.0328558730413132,-0.00304479015288087,-0.0211844684541868,-0.0228549374553029,,,-2.12%,-0.28%
6/30/2005,-0.0191374822355572,-0.0274238936189216,-0.00486303340219288,-0.00508145147291939,-0.00873075316216593,0.0101356007675436,,,-0.92%,2.93%
7/29/2005,-0.00378864894456504,0.00624761816577818,0.000451290427043533,-0.00720746610704587,-0.00282086273811188,0.00766144830343487,,,0.01%,1.15%
8/31/2005,0.00717641152742501,0.0100729708350454,0.00847463322038375,-0.00352552265511755,0.00885600521199551,0.00248473757250886,,,0.56%,-0.47%
9/30/2005,-0.0242229440130903,-0.0176499582104063,0.000700714459990454,0.00072522476971168,0.00236391456612911,0.000503489741347824,,,-0.63%,2.47%
10/31/2005,-0.0178109572716898,-0.00655253542255024,-0.00641901060204914,0.000152663842105522,-0.00962423017295025,-0.00558864970010548,,,-0.76%,1.22%
11/30/2005,-0.0167303544724792,-0.0161023265845687,-0.00166286644210117,0.00101458073567423,-0.0101062852532971,0.00756908574680309,,,-0.60%,2.43%
12/30/2005,0.00978306958496319,-0.00481904647004955,0.00820291547133212,0.00183199142778026,0.00291313443414096,0.00327424140017788,,,0.35%,-0.65%
1/31/2006,0.0255576974691557,0.0296569129977584,0.0238591978348317,0.0168361250436147,0.0209450573458963,0.0242734272466286,,,2.35%,-0.13%
2/28/2006,-0.0191388252181112,-0.0188796086051537,0.0024360425103965,-0.00756548764050774,-0.006259907412657,-0.00709641054160918,,,-0.94%,1.20%
3/31/2006,-0.00380190190168586,0.0164337862217417,-0.0114300143219316,-0.00312452709864638,-0.0084209121035275,-0.0214092783229832,,,-0.53%,-1.76%
4/28/2006,0.0332345498431245,0.0477845461417294,0.0260440971053179,0.0257400657942808,0.0244610856846517,0.0129150340329415,,,2.84%,-2.03%
5/31/2006,0.0115875346945718,0.0181578006043462,-0.00158858193407854,0.00645090165404971,0.000474630680938698,-0.0423855932143223,,,-0.12%,-5.40%
6/30/2006,-0.0156237503701565,-0.0108113363986104,-0.0165155503994813,-0.00649273984178547,-0.00243714388266264,-0.0263244404290623,,,-1.30%,-1.07%
7/31/2006,-0.00751861947254043,-0.00204793679910512,0.00770711972020252,-0.00484665556444583,0.00482545280949756,0.0323392591176001,,,0.51%,3.99%
8/31/2006,-0.00707121020531756,-0.00801909615717625,-0.0030554316626312,0.00649961702308055,0.000636339063081831,0.00864795139593435,,,-0.04%,1.57%
9/29/2006,-0.0135416064990137,-0.0160636377046522,-0.0101663495651819,-0.00301773130253169,-0.00227315571382755,-0.0142587931483081,,,-0.99%,-0.07%
10/31/2006,0.00833725790585543,0.00561174782032711,0.00812010533451579,0.00390342125667598,0.0201515130660331,0.0360148726383098,,,1.37%,2.77%
11/30/2006,0.0282646151760759,0.0463353158720283,0.0166234580814449,0.0109710841472554,-0.000109139131782537,0.022299114617627,,,2.07%,-0.60%
12/29/2006,-0.0133566308243282,0.0017766431201483,-0.00635933761141838,-0.00825938775266052,0.00135953998162575,0.0215635858759148,,,-0.05%,3.49%
1/31/2007,-0.0233333948387271,-0.00899269785579415,-0.0170334400215038,-0.00775579543132365,-0.00902922048545585,-0.00201474145258819,,,-1.14%,2.13%
2/28/2007,0.0107011737876107,0.00298159375537577,0.0115218567626087,0.00235996474402239,0.0045542766501884,0.00737022729533015,,,0.66%,-0.33%
3/30/2007,0.00373257842851146,0.00708411257511843,0.0092931101413635,-0.000572990690308778,0.00620584749300282,0.0141961204781822,,,0.67%,1.05%
4/30/2007,0.00259016838251719,0.0285376063576318,0.0140240283299465,0.00928373087464779,0.00753237938067519,0.0315703885215941,,,1.56%,2.90%
5/31/2007,-0.0170570349799963,-0.0153242358575733,-0.00175605994169176,0.00209741242537204,0.00437620714641612,0.00535537503134111,,,-0.37%,2.24%
6/29/2007,-0.00850173034008403,-0.0019492132066814,0.00242409455888676,0.00949495484897786,0.00300741739157326,0.017136079889414,,,0.36%,2.56%
7/31/2007,0.0236228115278797,0.00348642859482573,0.0160570514245956,0.00263278625867117,0.00766644285758189,0.000318630950909199,,,0.90%,-2.33%
8/31/2007,0.000706922938124244,-0.0143902491095562,-0.00781796603006305,-0.00246854962447768,-0.00613832730355307,-0.026769424654811,,,-0.95%,-2.75%
9/28/2007,0.01741708528442,0.0394619132972741,0.0382678567415157,0.0312719841832259,0.0104444896466378,0.0527958240576193,,,3.16%,3.54%
10/31/2007,0.00673729207192519,0.0189613742233046,0.0128975164084837,0.0245399562275073,0.0102839402698119,0.0306151273343852,,,1.73%,2.39%
11/30/2007,0.0156053569553072,0.00486014057095252,0.000351289117508952,-0.00918926279543422,0.000409614010199594,-0.0153685967657663,,,-0.06%,-3.10%
12/31/2007,-0.00946972190486239,-0.00570358397639001,-0.000950786407241666,-0.00386981312125448,-0.00349437483425727,0.00622358357663312,,,-0.29%,1.57%
1/31/2008,0.0116335945731347,0.0097797146388402,0.0169458532684191,0.00395617396846615,0.00607803313305408,-0.00237131738900247,,,0.77%,-1.40%
2/29/2008,0.0146144927758898,0.0133455213197848,0.0372704661776827,0.0230267640873819,0.020892040080136,0.00857875691048603,,,1.96%,-0.60%
3/31/2008,0.01189873448406,0.0205788488655756,-0.014217935351086,0.020093858084845,0.0284588374747391,-0.0169823923866765,,,0.83%,-2.89%
4/30/2008,-0.0044183045721278,-0.0136463563455538,-0.00705016796709435,-0.0156733959045372,-0.0010327864704843,0.0238706291427468,,,-0.30%,2.83%
5/30/2008,-0.00300486221529644,-0.00185592114570254,-0.0161117639256305,-0.00751374338896621,-0.00566941740208168,0.0173507193553695,,,-0.28%,2.04%
6/30/2008,-0.000649219388190986,0.00565467069605322,0.000786687922646134,0.00280089312437559,0.00628233478170046,0.0018037667767057,,,0.28%,0.25%
7/31/2008,-0.0102038994820137,-0.00882072549048057,-0.00574850686993178,0.00311563106492985,0.0116592773177124,0.0211922849464366,,,0.19%,3.14%
8/29/2008,-0.00999446209222468,-0.0240213819036366,-0.0537580733892402,-0.0497918545314479,-0.0631567371757368,-0.0367094676311941,,,-3.96%,-2.67%
9/30/2008,-0.00151998912948145,-0.029678417377248,-0.00649929005680267,-0.0334835242628532,-0.0530500438345392,-0.0608985934810781,,,-3.09%,-5.94%
10/31/2008,-0.0468040749264516,-0.0758626938153267,-0.0570988492046119,-0.0554760438986755,-0.0566203793305488,-0.125329110037938,,,-6.95%,-7.85%
11/28/2008,-0.0292719335135738,-0.0203413951579886,-0.025289869626911,-0.0211309808338017,-0.0367171354841022,-0.0232162072682345,,,-2.60%,0.61%
12/31/2008,0.0893004969931556,0.00479312827699394,0.0471065781453803,0.0498237275660258,0.0199433035548028,0.0383129525084117,,,4.15%,-5.10%
1/30/2009,-0.0443090820854732,-0.0163159083780198,-0.0402640989190156,-0.0449843514676989,-0.0565203888911071,-0.0692131363428666,,,-4.53%,-2.49%
2/27/2009,-0.0455010653029957,-0.0141867621575782,-0.0229369856361626,-0.0117902430792313,-0.0314660748996516,-0.024810741090951,,,-2.51%,2.07%
3/31/2009,0.0320236555359937,0.0258121913437349,0.03291077371979,0.0272245240627538,0.0713836585039678,0.0375601035693711,,,3.78%,0.55%
4/30/2009,0.0272579466567657,0.0228166931666474,0.00723556655291782,0.0182048970336891,0.0351324610797094,0.0506960432303274,,,2.69%,2.34%
5/29/2009,0.0333276883803548,0.0326175983902817,0.0444593654373258,0.0401698378697155,0.0725964184882169,0.0523334963734991,,,4.59%,1.90%
6/30/2009,-0.0135233482083981,-0.0143863721756598,-0.000856842837607369,-0.00692948661711174,0.0110600149038235,0.0102779771397417,,,-0.24%,2.38%
7/31/2009,0.0152945242129403,0.0208340971599156,0.0195417227838653,0.0209014172674545,0.0263739544436379,0.0180350430008968,,,2.02%,0.27%
8/31/2009,0.0098913678096029,0.00315415539973637,-0.00891759683559568,0.00750962146483955,0.0236731774734091,-0.00344915540831076,,,0.53%,-1.33%
9/30/2009,0.019649036844239,0.0134470169411848,0.00970552873000019,0.0233022382227361,0.0284181891878203,0.0226001037115351,,,1.95%,0.30%
10/30/2009,-0.0061972575682667,0.00109107998721703,0.00794945676936407,-0.00696446698591077,0.0149527182988645,0.0055169662230431,,,0.27%,1.17%
11/30/2009,0.00704944282826056,0.024624643512218,0.00401273739607946,0.0145241597430889,0.00294638218104856,0.0211787703422626,,,1.24%,1.41%
12/31/2009,-0.0245250304434216,-0.0162202223443881,-0.00833877395603627,-0.0282381288332932,-0.013904971155544,0.00551375105321149,,,-1.43%,3.00%
1/29/2010,-0.0147362953317494,-0.00544612162714409,-0.00109323561910155,-0.0152700112011062,-0.00433339505262914,-0.00818914511053447,,,-0.82%,0.65%
2/26/2010,-0.000680136983772006,0.00591713532114982,-0.0173733527398533,-0.00274791067148419,-0.00155498366960574,-0.000154683121454391,,,-0.28%,0.05%
3/31/2010,0.00679539209227908,-0.0174556634967354,0.00856780228401341,0.0119952555026161,0.0218374505381043,0.0262839433076016,,,0.97%,1.95%
4/30/2010,-0.0031649437899442,-0.00805050206074146,0.00279446306021122,-0.000538095356653418,0.0189597545304909,0.00481012708462271,,,0.25%,0.80%
5/31/2010,-0.0150770616042659,-0.0461733209987602,-0.0198046973635758,-0.0686108478871061,-0.0750982050204116,-0.0535213723728266,,,-4.64%,-3.84%
6/30/2010,0.0163188132735571,0.00732323200009721,0.00452136339233808,0.00114230901037904,0.00267935331752114,0.000490354901324611,,,0.54%,-1.58%
7/30/2010,0.0137221498329999,0.0386669081794008,0.0556698361527929,0.0194925777637507,0.0611659169811417,0.0397201102110271,,,3.81%,2.60%
8/31/2010,0.0155804143469733,-0.0114383240138884,-0.0169994521596192,-0.00523234068437964,-0.0184113171000732,-0.0129392856214555,,,-0.82%,-2.85%
9/30/2010,0.0113537168975528,0.0500979036937766,0.029507993356022,0.0530002685220551,0.0569818832901184,0.0609623249585232,,,4.37%,4.96%
10/29/2010,0.0129051406253968,0.00850902222364189,0.0139961553018958,0.00990799375999463,0.00696510083607843,0.0199472272106093,,,1.20%,0.70%
11/30/2010,-0.0115314772558911,-0.0124137306607944,-0.0535172291834325,-0.0236794555145854,-0.0247572868308861,-0.0390975696334755,,,-2.75%,-2.76%
12/31/2010,0.037376478873259,0.015014553644645,0.0155565924577818,0.0204233965383449,0.0417259711744187,0.0352364499343985,,,2.76%,-0.21%
1/31/2011,-0.00558266140659772,0.0131365109856811,0.0165153676517096,0.00366361991192313,0.0160861146239728,-0.014530503259803,,,0.49%,-0.89%
2/28/2011,-0.00288250635958573,0.00376636301873459,0.00763217703774466,0.0195989114709459,-0.00297781903559852,0.017805726431858,,,0.72%,2.07%
3/31/2011,0.00945200780211603,0.003770538206048,0.00844395614835583,0.00581187097261343,0.0166450315795163,0.0262808991403586,,,1.17%,1.68%
4/29/2011,0.0262870010327915,0.022487335791436,0.0348599401106451,0.0357393942541852,0.0301919429941115,0.0383866768419675,,,3.13%,1.21%
5/31/2011,0.0044562851921556,-0.00387176022975555,-0.0276770341524918,-0.0234425914637338,-0.00416780046536544,-0.021992118993019,,,-1.28%,-2.64%
6/30/2011,0.00442943192039663,0.00545284604569715,-0.00237798800041494,-0.000904212605841309,-0.00118894614723505,0.0037414641936537,,,0.15%,-0.07%
7/29/2011,0.0276675811500208,0.00354126465392063,0.00656633936934078,0.000854391938345883,0.0278043998794376,0.00537288065786429,,,1.20%,-2.23%
8/31/2011,-0.00436894540267366,0.00101208581521284,-0.00748011470228011,-0.00355555580263522,-0.00539110633919171,-0.0246282872471952,,,-0.74%,-2.03%
9/30/2011,-0.0418257259668277,-0.0426556489477223,-0.0411059703534299,-0.0725584300337301,-0.0805752456352545,-0.0890669262416365,,,-6.13%,-4.72%
10/31/2011,0.0132669864430394,0.0182985861408334,0.0300241677287252,0.0519121244103357,0.0412436014657041,0.036703968934547,,,3.19%,2.34%
11/30/2011,-0.0133138771214901,-0.0191813962059879,-0.0259405305802143,-0.0353236013311495,-0.0264527582109354,-0.0357227338048586,,,-2.60%,-2.24%
12/30/2011,-0.0152374726211095,-0.0178450200129363,-0.0079393155741978,-0.011754821862087,-0.0101320622477559,-0.0152615951043447,,,-1.30%,0.00%
1/31/2012,0.0146988699156062,0.00575683287317794,0.0123125717483965,0.0170343731192014,0.0377101969633317,0.0580428083041009,,,2.43%,4.33%
2/29/2012,-0.00171703386952626,0.0052455009696937,0.0133096070389203,0.0322472488642417,0.0155821620465121,0.0260466738711941,,,1.51%,2.78%
3/30/2012,-0.00675462670913812,-0.00377297070024835,-0.00137998880624365,-0.0178233502484586,-0.0135274141159243,-0.0197327238207198,,,-1.05%,-1.30%
4/30/2012,0.00817744181100744,0.00239742661178305,0.00058755502618843,-0.00102634690487735,0.00859646161347152,-0.000292521348751254,,,0.31%,-0.85%
5/31/2012,-0.0331054668840189,-0.0202259499446111,-0.0478662828506291,-0.0535390917806964,-0.0487888901971653,-0.0747134273320237,,,-4.64%,-4.16%
6/29/2012,0.0087515806899571,0.0107110724619201,0.0140413210474409,0.0241793339983849,0.0338611361992891,0.0490522991958741,,,2.34%,4.03%
7/31/2012,-0.0108505092116929,-0.00874882140882571,-0.00198876366330658,0.0087571995887773,0.0125936593748319,0.00736371492658987,,,0.12%,1.82%
8/31/2012,0.0166433515716683,-0.000932096788723413,0.0127417558744485,0.0183028738430533,-0.00074284994551585,-0.00251562969623437,,,0.72%,-1.92%
9/28/2012,0.0152836111446528,0.00456251044372252,0.0100049933519599,0.00828318936912648,0.0247096159809347,0.0253602516233448,,,1.47%,1.01%
10/31/2012,-0.000836422916616203,0.000553794217186765,0.00187244074078116,-0.00269450467169277,0.00491574213594362,-0.00637291969778181,,,-0.04%,-0.55%
11/30/2012,-0.00449249280589939,-0.000287174606238311,-0.00273244972721956,0.00420550586239088,0.00243589697426774,0.0050696280416641,,,0.07%,0.96%
12/31/2012,-0.00617087951065398,0.0078917564364086,0.00202217993892251,0.0100103774405648,0.00449537335261055,0.005993893214138,,,0.40%,1.22%
1/31/2013,0.0185298762040802,-0.0168293457283609,-0.00429253957536391,0.0030287701349638,0.00390909097394299,0.00716869264608971,,,0.19%,-1.14%
2/28/2013,-0.0187791752925216,-0.0189524415396223,-0.00259932122354573,-0.0324626028733213,0.00084594323888626,-0.0144464986079164,,,-1.44%,0.43%
3/29/2013,-0.0143345804321349,-0.0106197925260598,-0.00444067491204878,-0.00404404872415043,0.000570278251817991,-0.0029157058414877,,,-0.60%,1.14%
4/30/2013,0.012701403722055,0.00364541799914478,0.00165362800329777,0.0131651042678298,0.0134185676617132,0.0180284520042915,,,1.04%,0.53%
5/31/2013,-0.0197499871658287,-0.0131845758301662,-0.0159458393068427,-0.0251891282021584,-0.0404807861229262,-0.0419336228548761,,,-2.61%,-2.22%
6/28/2013,0.00258534945034286,0.00476382541747775,-0.00155219432964002,-0.0232007304953005,-0.0204434095257519,-0.0143358309971126,,,-0.87%,-1.69%
7/31/2013,0.0163641307279365,0.00639943835093371,-0.00161960803109343,0.022469394379806,0.00620241684921458,-0.00135347969003212,,,0.81%,-1.77%
8/30/2013,-0.00157371556456759,-0.00928725252087295,0.00432131072774414,-0.0201265978872195,-0.00890872177509622,-0.0348481397053743,,,-1.17%,-3.33%
9/30/2013,0.0175318027447463,0.0131441404549045,0.0219406163508085,0.021182774011125,0.0319593042487538,0.0268123412208147,,,2.21%,0.93%
10/31/2013,0.00428319554401413,0.00121680975026636,0.000703363515476257,-0.00277444854520428,0.0124802059299399,0.0184772340118304,,,0.57%,1.42%
11/29/2013,-0.00411426771565035,-0.0252400357488949,0.00239469725189356,-0.0144901652690311,-0.0210550723742262,-0.0150262228912365,,,-1.29%,-1.09%
12/31/2013,0.000585867997972778,-0.00299455481466437,0.00376989214366161,0.00500071124712306,0.00334561294207239,-0.0101283912748887,,,-0.01%,-1.07%
1/31/2014,-0.0214091600378116,0.00238724585629563,-0.0105469417789549,-0.0257969647456998,-0.0335415050192541,-0.0224770017420319,,,-1.86%,-0.11%
2/28/2014,0.0216142503452996,0.00569175632823379,0.0122775056982114,0.0186344185257935,0.0206605542833871,0.0326430492042375,,,1.86%,1.10%
3/31/2014,-0.00389700060131576,-0.000606935444588369,-0.00324599043644477,0.000151609274096381,0.00243317256955306,0.0288338083286826,,,0.39%,3.27%
4/30/2014,0.00652374302057635,0.000817727597618612,0.00386055178397532,0.0047416548813991,0.00975063818926963,1.35397223053751E-05,,,0.43%,-0.65%
5/30/2014,-0.00499199108814449,-0.00414639560680571,-0.000802068450709764,-0.00635394391236213,-0.000267925068011404,0.00921039950831878,,,-0.12%,1.42%
6/30/2014,0.00573198455252422,0.000975450912691717,0.00743618620617087,-0.00188281641510074,0.000314291768258729,0.00196903538118426,,,0.24%,-0.38%
7/31/2014,-0.0183572945550181,-0.0116103001146484,-0.0111852929911806,-0.0121345523163131,-0.0170382261561665,-0.00388426782808432,,,-1.24%,1.45%
8/29/2014,-0.009029123858151,-0.00665907149501468,-0.00739875981503879,0.00406774154864206,-0.00524717911582762,0.00472248486415922,,,-0.33%,1.38%
9/30/2014,-0.0357482696998775,-0.0210322484245262,-0.0200093849528632,-0.0241850504629672,-0.0307349387078832,-0.0425497202949146,,,-2.90%,-0.68%
10/31/2014,-0.0137396071060298,-0.00230996681347967,-0.0108652456473673,-0.00431212811882847,-0.0200511573564324,0.0114710535561241,,,-0.66%,2.52%
11/28/2014,-0.0177001054000112,-0.00538701108586073,-0.0089644565976707,-0.00409867940852582,-0.0189653118347716,-0.008602862528825,,,-1.06%,0.91%
12/31/2014,-0.0232091417872554,-0.0265996722207364,-0.0052491784464522,-0.0366155039836001,-0.0107440615000827,-0.0295812970566451,,,-2.20%,-0.64%
1/30/2015,-0.0304250470644135,-0.00914533428071929,-0.0117154693505981,-0.048302345198573,-0.00376607011459221,-0.0240826081345628,,,-2.12%,0.63%
2/27/2015,-0.0129700972637652,-0.00371597660786097,0.011757897423157,0.00641466601029714,0.00330711192798047,0.00395294367619999,,,0.15%,1.69%
3/31/2015,-0.0286769306210848,-0.0190927390381809,-0.0133308807165152,-0.0277936454611534,-0.0131379862010984,-0.0175290403444009,,,-1.99%,1.11%
4/30/2015,0.0287585499947937,0.0275390824656937,0.0203081713188325,0.0331011077588929,0.0270764281093508,0.00760435525764197,,,2.41%,-2.12%
5/29/2015,-0.0178720505806889,-0.0153627627671773,-0.00922855833726913,-0.0243084799917506,-0.0300488983823258,-0.0130349921900482,,,-1.83%,0.48%
6/30/2015,0.0167457399321975,0.00748544378213525,0.00762115437371477,-0.00194916462940553,-0.00147322194484253,-0.0106816062470107,,,0.30%,-2.74%
7/31/2015,-0.0179561182005616,-0.0113141296028895,-0.0120197966742178,-0.0245478761721247,-0.00916981885941123,-0.0192710979582765,,,-1.57%,-0.13%
8/31/2015,0.00930789425074041,0.00122184043414378,-0.0091585772078259,-0.010016425312015,-0.018948886954673,-0.0449357085477024,,,-1.21%,-5.42%
9/30/2015,-0.00295310316983685,-0.00153366941081981,-0.00676974954983059,-0.00627448175285258,-0.00520956225031896,-0.0163909916384305,,,-0.65%,-1.34%
10/30/2015,-0.00914544678706647,0.00134639051195415,0.0100190634947641,-0.00560344830863566,0.0235674316237741,0.0318285303439289,,,0.87%,4.10%
11/30/2015,-0.0380681420861388,-0.018113965173851,-0.0171696018126142,-0.0245747219013825,-0.0028188963914105,-0.00894606817638652,,,-1.83%,2.91%
12/31/2015,0.0285664135165254,0.00724340269164348,-0.00945271824229574,-0.00200610450154942,8.41204107812354E-05,-0.00448669814753315,,,0.33%,-3.31%
1/29/2016,-0.0120362983130691,-0.00849558338940207,-0.00943743519507362,-0.00893181867537127,-0.00994646496685325,-0.0136061771852977,,,-1.04%,-0.16%
2/29/2016,0.00995883739190739,0.0141961228217718,0.0127373936552993,-0.000126499271018682,0.0112636072629134,0.00694632432572977,,,0.92%,-0.30%
3/31/2016,0.0349301938780634,0.0280654990376485,0.0336238656148518,0.053282061402736,0.0266214910852531,0.0543210885537862,,,3.85%,1.94%
4/29/2016,0.0145706218098249,0.00460693888351804,0.0150458907503678,-0.00148584636766075,0.00158388383413693,0.0081369831852722,,,0.71%,-0.64%
5/31/2016,-0.0322038979264915,-0.0123498888730522,-0.0289057627555858,-0.0259407315052259,-0.0261589730936576,-0.0419804527920739,,,-2.79%,-0.98%
6/30/2016,0.0234372510740005,-0.0194244544543558,-0.00102641398216413,0.0187368269387954,0.0182139756198487,0.0261104762411566,,,1.10%,0.27%
7/29/2016,0.00475020107824775,0.00168758691343357,0.00213033949818378,0.00970189592269266,0.00872833088616248,0.00683641581933774,,,0.56%,0.21%
8/31/2016,-0.00944402862856997,-0.00367114641325497,0.000345264907197995,-0.00158079933310368,-0.00188249472066127,-0.00386673764313927,,,-0.33%,0.56%
9/30/2016,0.0120014757421053,0.00207879671163005,0.0122777805196624,0.00254524325568956,0.000924792070340241,0.00862558139724364,,,0.64%,-0.34%
10/31/2016,-0.0272064725614251,-0.0242342977967771,-0.0239988769535276,-0.0137717710581557,-0.0075537324010021,0.00125510288093827,,,-1.59%,2.85%
11/30/2016,-0.0325157402933945,-0.0242503001059085,-0.0212004055209152,-0.0143587346777015,-0.0270807377363569,-0.0466460400506406,,,-2.77%,-1.41%
12/30/2016,-0.00951436718168017,-0.00670734586855359,-0.00364219589471515,-0.011466180271769,-0.00394450241006708,0.0015807874919416,,,-0.56%,1.11%
1/31/2017,0.0272875002852451,0.0205423352287378,0.0178300574274262,0.0201531011307837,0.022719928655153,0.00494265336839621,,,1.89%,-2.23%
2/28/2017,-0.0167133983546074,-5.97355701999203E-05,0.00417937454785181,-0.00533536296712586,-0.000460391009603933,0.019112115911682,,,0.01%,3.58%
3/31/2017,0.00380825929102693,0.00501794636325409,-0.00678688376356978,-0.00061299818238858,-7.92426494269638E-05,0.013094541445217,,,0.24%,0.93%
4/28/2017,0.0118588583826438,0.00385172613911733,-0.00221137869616331,-0.000527334196528229,-0.00598373616393938,0.0109687514311541,,,0.30%,-0.09%
5/31/2017,0.035210485587341,0.0125323132127302,0.0100651998499828,0.0019605409054953,0.0217819500134926,0.0111814217616017,,,1.55%,-2.40%
6/30/2017,0.0145057482040215,-0.00400945664720173,0.0044744007302284,0.000106242785243155,0.016823554555182,0.00730258487029188,,,0.65%,-0.72%
7/31/2017,0.0226313889249275,0.0204732733730434,0.0270519057514476,0.0106170888385062,0.0228374906145078,0.00623305631034651,,,1.83%,-1.64%
8/31/2017,0.00549177808139867,-0.00538083469815137,0.00158980631936154,0.000559964544709524,-0.0136330404217595,0.00812331906982478,,,-0.05%,0.26%
9/29/2017,-0.00618064630559209,-0.00379489710189168,-0.00542470137593976,-0.0104904302900697,-0.00141117465614765,-0.0105136249867244,,,-0.63%,-0.43%
10/31/2017,-0.018326589450007,-0.00812827063178809,-0.00272914240102784,-0.00672030561221135,-0.0203768859991259,-0.0217315665152749,,,-1.30%,-0.34%
11/30/2017,0.0215546204637956,0.0129872602388754,-0.00127230728976882,0.0188996814659173,-0.00218731903356362,0.0190245462858899,,,1.15%,-0.25%
12/29/2017,0.00688700907359968,-0.000202325194330666,0.0131604286933643,0.004560067146091,0.0165055178517505,0.0191006286143821,,,1.00%,1.22%
1/31/2018,0.0345219748453631,0.0399721753279622,0.0255978846008261,0.0216277113799315,0.0187688337034879,0.02298097501675,,,2.72%,-1.15%
2/28/2018,-0.0243846454214969,-0.010741273549867,-0.011080683166898,-0.021778608139616,-0.0168080110028519,-0.010237961531635,,,-1.58%,1.41%
3/30/2018,-0.000729244634191578,0.00829040179187693,0.000129122111329261,0.00373469937523616,-0.00446720439081014,0.00333342987931513,,,0.17%,0.41%
4/30/2018,-0.0223052453116654,-0.0250991683764641,-0.00930022745746453,-0.00930376184707787,-0.0101259643418699,-0.0172502674698483,,,-1.56%,0.51%
5/31/2018,-0.0151964652153886,-0.0380619304806229,-0.0115921917100859,-0.022104214191592,-0.00082747345480072,-0.0277961284278232,,,-1.93%,-1.26%
6/29/2018,-0.00898647395835309,-0.0181908444357214,-0.0208057872624223,-0.00991505477281721,-0.0151003071172364,-0.0165627821295792,,,-1.49%,-0.76%
7/31/2018,-0.00264833546155702,0.00699615870946443,-0.00403151861492246,0.00799211878916778,0.00246806922552109,0.00736583477823211,,,0.30%,1.00%
8/31/2018,-0.00438993801557372,-0.00918866044001387,-0.000905052957308306,-0.00359462834541674,-0.0135438054010803,-0.062116402958442,,,-1.56%,-5.77%
9/28/2018,-0.0113118542132249,0.0085773969394895,0.000150061676707336,0.00236383533281545,-0.000440633398505919,0.0205042327363951,,,0.33%,3.18%
10/31/2018,-0.0289209959250239,-0.0166222926385561,-0.0198303440911546,-0.0214516797893966,-0.00944070434256383,-0.00725302149426537,,,-1.73%,2.17%
11/30/2018,-0.00238392977326682,-0.00643334955192842,0.00486565190529351,0.00859275092730888,0.0112550026415587,0.0437830729063225,,,0.99%,4.62%
12/31/2018,0.0161860613735294,0.00419943376213988,-0.00636525657758669,-0.00632508944910956,-0.0067085497185915,0.00226500904182487,,,0.05%,-1.39%
1/31/2019,-0.00212686282859809,0.0193479158636644,0.00949958365481762,0.0226083627437902,0.0100461051918112,0.0296519819665888,,,1.48%,3.18%
2/28/2019,-0.0122391768405231,-0.00502850496062418,-0.0090599870451705,-0.00945489386540035,-0.00762708248021882,-0.00908335676069159,,,-0.87%,0.32%
3/29/2019,-0.00791435968387771,-0.0176015840334761,-0.0128030926873333,-0.00652767645401919,-0.0021015569474015,-0.00886541545299833,,,-0.93%,-0.10%
4/30/2019,-0.0105234945691318,-0.00595187724597004,-0.0066803785276941,-0.0120844254617329,-0.00246515888293761,0.00147433987154774,,,-0.60%,1.20%
5/31/2019,0.00434860004658114,-0.0214340633897884,-0.0115813289491131,-0.011220470700342,-0.000590964460701782,-0.000903609246740013,,,-0.69%,-0.53%
6/28/2019,0.0185091470958146,0.0185267645008512,0.025754154747631,0.0280095359870034,0.000784612815322022,0.0207730514281246,,,1.87%,0.23%
7/31/2019,-0.0192831405664016,-0.0240018016579702,-0.0232399260922951,-0.0174031864244733,-0.00229972779903426,0.0138606842857553,,,-1.21%,3.31%
8/30/2019,-0.00148369380375293,-0.0182094096916549,-0.0223025628102768,-0.0239532566070299,-0.000925566115932253,-0.0330490305480841,,,-1.67%,-3.16%
9/30/2019,-0.0138447563936161,-0.000985498632702114,0.000781224477203468,-0.00271047091365928,-0.00110867120497332,0.0127459532057638,,,-0.09%,2.66%
10/31/2019,0.011926505490366,0.0317407158468512,0.00895055721630908,0.0209409413065662,0.00907595116079446,0.011700261624532,,,1.57%,-0.02%
11/29/2019,-0.0138668970528033,-0.0142576213876751,-0.00586178496084827,-0.0108994011630232,-0.00326875026009849,0.00104158863461577,,,-0.79%,1.49%
12/31/2019,0.0164694141458115,0.0215568996804827,0.0288030491087278,0.0215984427829758,0.00899697003858604,0.0156917872670111,,,1.89%,-0.08%
1/31/2020,-0.00632660991632134,-0.0249573224666071,-0.0284411490131183,-0.0267623970101883,-0.00137042514089405,-0.00639431936631355,,,-1.57%,-0.01%
2/28/2020,-0.0055509412984433,-0.0147774245632479,-0.0253408805358694,-0.0204554543511752,-0.00870998806317946,-0.0295888882894088,,,-1.74%,-2.40%
3/31/2020,-0.00183552786914792,-0.0374025523842894,-0.02258709800057,-0.0414872127262364,-0.0384686593102069,-0.0701024806293539,,,-3.53%,-6.83%
4/30/2020,0.00556835405871212,0.00815145649474849,0.011081639301205,0.0271168237406913,0.0128514612532491,0.00495593580111375,,,1.16%,-0.06%
5/29/2020,0.00650960255480046,0.00124767314213445,0.00747606070266427,0.00513511406187284,0.0149888360084475,0.0221348998093423,,,0.96%,1.56%
6/30/2020,0.00778710789860701,0.0102109227606237,0.0187840834184913,0.0242178964038637,0.00109885471037513,0.00257975131172204,,,1.08%,-0.52%
7/31/2020,0.0418403647344942,0.0439178263115095,0.0366042467197896,0.0103829013393721,0.0218678700145896,0.00942780810920575,,,2.73%,-3.24%
8/31/2020,0.00738613467145269,0.022863178761703,0.0160692371930862,0.0038968271170538,-0.00480569605812217,0.00714809327536257,,,0.88%,-0.02%
9/30/2020,-0.0137047503172701,-0.0525310760224241,-0.0120123344835938,-0.0125844281457916,-0.0059971693530784,-0.00602583864014101,,,-1.71%,0.77%
10/30/2020,-0.000588206096131666,-0.00854542671584965,-0.00891384731773418,0.0113702126635619,-0.00401748516868408,0.00185882882236957,,,-0.15%,0.24%
11/30/2020,0.0180756368223389,0.036618471196406,0.0378457445010013,0.0108912670105912,0.0394640612699108,0.0365444630148453,,,2.99%,1.85%
12/31/2020,0.0229776056662087,0.0206731811765978,0.0219186419108514,0.00606002968582303,0.00721498567528589,0.0248433326902898,,,1.73%,0.19%
1/29/2021,-0.00863726677498231,-0.00811712595587072,0.000196430345702325,-0.000482506950299388,0.00293059413116342,-0.000490442601404692,,,-0.24%,0.81%
2/26/2021,-0.0053151052967487,0.00330265793496423,0.0018467798075793,-0.0038704160303592,-0.00817319902459276,-0.00890187187293804,,,-0.35%,-0.36%
3/31/2021,-0.0347424065376429,-0.0279239791194291,-0.0158402442169934,-0.00895784458616838,-0.0106635206937476,-0.0103572630529772,,,-1.81%,2.44%
4/30/2021,0.0225569226010651,0.0195092182622431,0.0206180176349051,0.00677860986587195,0.0149517397866458,0.0102036287418974,,,1.58%,-1.24%
5/31/2021,0.0108856124340955,0.0155121406742315,0.0147805942489088,0.00513826691534675,0.0147664015234459,0.0145047728568163,,,1.26%,0.36%
