Dates,Portfolio1,Portfolio2,Portfolio3,Portfolio4,Portfolio5,,,,RX = Mean,HML = P5 - P1
11/30/1983,-0.0120945319740501,-0.0273992945981066,-0.0273886405033946,0.00447889750215325,-0.0219277334048924,,,,-1.69%,-0.98%
12/30/1983,-0.012907671107028,-0.0179591836734693,-0.0141046831955923,-0.000604229607250817,-0.0139418002372481,,,,-1.19%,-0.10%
1/31/1984,-0.0371783496007099,-0.0388325413149869,-0.0170820021299254,-0.0399180844360427,-0.0355405784342724,,,,-3.37%,0.16%
2/29/1984,0.0374306839186691,0.0822260735605622,0.0779481935923654,0.00257069408740351,0.0758563008137903,,,,5.52%,3.84%
3/30/1984,0.00237099023709897,-0.00227667374107643,0.0363028953229398,-0.0334360761190029,0.00523397006996351,,,,0.16%,0.29%
4/30/1984,-0.0465820529948786,-0.0521691176470589,-0.0151167915381225,-0.0488163265306122,-0.0394899586431235,,,,-4.04%,0.71%
5/31/1984,-0.012212389380531,-0.00987744649716482,-0.011195846178809,-0.0251241096481761,-0.00579625655529267,,,,-1.28%,0.64%
6/29/1984,-0.0349356223175965,-0.0223580158159596,-0.0223249880401849,-0.0294736842105263,-0.0188438385688547,,,,-2.56%,1.61%
7/31/1984,-0.0573753814852492,-0.0489767841788478,-0.0517110266159696,-0.0372604973501836,-0.0373382056912799,,,,-4.65%,2.00%
8/31/1984,0.0160847880299251,0.000519210799584613,0.0101440874461742,0.00414619164619157,0.000561825933266841,,,,0.63%,-1.55%
9/28/1984,-0.0478520286396182,-0.062969004893964,-0.062547033285094,-0.0268016194331984,-0.0551545558729182,,,,-5.11%,-0.73%
10/31/1984,0.00661322645290596,0.00435356200527726,-0.00211425086399675,0.00356933879461674,-0.000746882295397683,,,,0.23%,-0.74%
11/30/1984,-0.0235617514235225,-0.0249959631842402,-0.0254722381224957,-0.00961810466760971,-0.0170656436248685,,,,-2.01%,0.65%
12/31/1984,-0.0226923076923078,-0.0217415730337078,-0.0211227402473834,-0.019268970997219,-0.0210461968703163,,,,-2.12%,0.16%
1/31/1985,-0.0117037081142619,-0.017312866313706,-0.0078573564127889,-0.00311644002339834,-0.0106956410885567,,,,-1.01%,0.10%
2/28/1985,-0.0566039711326329,-0.0597755333007148,-0.0373991750065584,-0.0482770697758497,-0.0581493012709808,,,,-5.20%,-0.15%
3/29/1985,0.0718014725786369,0.0255450034218268,0.0738981915916542,0.0483443116556168,0.0694389421586233,,,,5.78%,-0.24%
4/30/1985,-0.00322840751200393,-0.00891036633426645,-0.00115769207882499,-0.0089160792338937,-0.0154793140560407,,,,-0.75%,-1.23%
5/31/1985,0.0120555806125283,0.0059974545646726,0.0103431967761236,0.00240252360176457,0.0202751194173013,,,,1.02%,0.82%
6/28/1985,0.0115233103096961,0.00837849835609028,0.014267583289265,0.010391350158544,0.0260988629335159,,,,1.41%,1.46%
7/31/1985,0.0910345275710441,0.0637428307098253,0.0403690425144571,0.0790514196377243,0.070372720295837,,,,6.89%,-2.07%
8/30/1985,-0.00470335505582908,-0.00764158637747087,-0.00964421238058166,-0.00880906524394692,0.00365226109043261,,,,-0.54%,0.84%
9/30/1985,0.0490595686930955,0.0720505840110539,0.0214910400580304,0.0500959168502544,0.0261015394198194,,,,4.38%,-2.30%
10/31/1985,0.0200607049292538,0.0199754638093792,0.0155495562445087,0.0244168957997535,0.0274010785610489,,,,2.15%,0.73%
11/29/1985,0.034586557615691,0.0158624706654825,0.0417152111862063,0.0335271770894214,0.0211939417077207,,,,2.94%,-1.34%
12/31/1985,-0.0029225603782882,0.0188739520445823,0.0152759618055014,0.020225448329666,-0.0174808856664805,,,,0.68%,-1.46%
1/31/1986,0.018314158189968,0.0272754220481228,-0.00276294347045425,0.00157243046893624,0.0354743211542014,,,,1.60%,1.72%
2/28/1986,0.0705293496744743,0.0674343392569796,0.0386863005030967,0.0613160132550842,0.0358607291479436,,,,5.48%,-3.47%
3/31/1986,-0.0383335408286835,-0.0199113371429299,-0.046536305229882,0.00196001897951165,-0.00563180659210283,,,,-2.17%,3.27%
4/30/1986,0.0731053318613966,0.0698439647851614,0.059129242421013,0.0508567080748409,0.0590511278670759,,,,6.24%,-1.41%
5/30/1986,-0.0655964417904533,-0.0544887684637388,-0.0683658427284305,-0.0360451345834684,-0.0531538229768603,,,,-5.55%,1.24%
6/30/1986,0.0597915414857623,0.0625839245843922,0.0541138240306992,0.0191468714283108,0.0185835775221219,,,,4.28%,-4.12%
7/31/1986,0.0551359458145604,0.057895080577644,0.0337703025119484,0.0199536494905651,-0.0149977043884861,,,,3.04%,-7.01%
8/29/1986,0.023752495562323,0.00994224291763018,0.0197725041719838,0.0092306313534925,0.00477204707722632,,,,1.35%,-1.90%
9/30/1986,0.000355581348270628,0.000542702389846106,0.0055404198017327,0.00441163923340582,0.00351082828809192,,,,0.29%,0.32%
10/31/1986,-0.0287016687247227,-0.0375867761306733,-0.0104920049967472,-0.0134670833578288,0.000205724665500858,,,,-1.80%,2.89%
11/28/1986,0.0260182340951487,0.0435802713169616,0.0421472365132205,0.0144443622078326,0.0253563971816592,,,,3.03%,-0.07%
12/31/1986,0.0217597063480185,0.0234941088571603,0.0147956141880092,0.0115738917099821,0.0299166040710362,,,,2.03%,0.82%
1/30/1987,0.0362051880411256,0.0499285027029708,0.0373661407039808,0.0468994590524501,0.0298832426643899,,,,4.01%,-0.63%
2/27/1987,0.0033580321146568,-0.000901134962966954,0.00702640945694644,0.00719792649400974,0.0216406924791792,,,,0.77%,1.83%
3/31/1987,0.0353026689680311,0.0143372897213406,0.0160859535150354,0.0128407735502634,0.0335492174320711,,,,2.24%,-0.18%
4/30/1987,0.0278351682876715,0.00228354141566689,0.0150056980236253,-0.00975824163496497,0.0128563590404822,,,,0.96%,-1.50%
5/29/1987,-0.0247807894108134,-0.0155005001069893,-0.00718059411406685,-0.0141055091987534,-0.00403529818348973,,,,-1.31%,2.07%
6/30/1987,-0.0138572676815535,-0.00504201613276423,-0.00548948284382184,-0.00495545136897618,0.00959715303782068,,,,-0.39%,2.35%
7/31/1987,-0.0180697535417784,-0.0220587895710214,-0.015951068007487,-0.00578246838967883,-0.019099920246179,,,,-1.62%,-0.10%
8/31/1987,0.0411885426822504,0.0238846272966899,0.0197832330701425,0.0122454934058691,0.0301078005255308,,,,2.54%,-1.11%
9/30/1987,-0.0299256561535216,-0.0188853985790609,-0.0144615043705936,-0.0113478678747751,0.0112114451581237,,,,-1.27%,4.11%
10/30/1987,0.0661148204101936,0.0584201747803345,0.04866223770084,0.0503744629385297,-0.00151010243203533,,,,4.44%,-6.76%
11/30/1987,0.0569996496494449,0.0464960001836358,0.0275149365402656,0.0587583278240971,0.0558315323880569,,,,4.91%,-0.12%
12/31/1987,0.0455503410057964,0.0614851485148515,0.0322904207665581,0.0247164611436065,0.0323109484334951,,,,3.93%,-1.32%
1/29/1988,-0.0684888475889252,-0.0604069215837267,-0.0214917434597069,-0.05251180350519,-0.0360375966071946,,,,-4.78%,3.25%
2/29/1988,-0.01583944850348,-0.00828912576848945,-0.0114424064635929,-0.00050709888492656,0.00804244770523797,,,,-0.56%,2.39%
3/31/1988,0.0156695048972523,0.0228743576989473,0.0144873934833002,0.0196932120158,0.0247969300650481,,,,1.95%,0.91%
4/29/1988,-0.0179674829172317,-0.0111754445745927,-0.0132223141771471,6.22354604953856E-05,0.0081195916438996,,,,-0.68%,2.61%
5/31/1988,-0.0357679949905559,-0.0191181454836131,-0.0266767445845224,-0.012445417490575,0.00400028266389946,,,,-1.80%,3.98%
6/30/1988,-0.056614490759184,-0.0680091873910977,-0.056416673007293,-0.0674336102284234,-0.0307325041955513,,,,-5.58%,2.59%
7/29/1988,-0.0287097167864988,-0.0129963829444323,-0.0259618673635531,-0.00929531105155529,-0.00489324586151944,,,,-1.64%,2.38%
8/31/1988,-0.0190061510816228,-0.0157100026198708,-0.0163697105136728,-0.0155769100877576,-0.0244510059939209,,,,-1.82%,-0.54%
9/30/1988,-0.000564528515897278,0.0087834636342099,0.000109725194971322,0.0099213093656475,0.000862749196710755,,,,0.38%,0.14%
10/31/1988,0.0602074887336661,0.0491206767318042,0.0520797033891894,0.0448437365022591,0.0371923221174837,,,,4.87%,-2.30%
11/30/1988,0.02576254016918,0.022168859469733,0.0225696759839878,0.0232891338208964,0.0409757120159458,,,,2.70%,1.52%
12/30/1988,-0.0225765948275862,-0.0333265808486685,-0.0278627720574746,-0.0211509281331717,-0.0184928032702791,,,,-2.47%,0.41%
1/31/1989,-0.0533481974978166,-0.0570796325766834,-0.0587139075509116,-0.042897304479174,-0.015219672274564,,,,-4.55%,3.81%
2/28/1989,0.0260153159720175,0.0265219267278575,0.0213760485316704,0.0180358023423053,-0.00889556364292519,,,,1.66%,-3.49%
3/31/1989,-0.0553002450980392,-0.0355807595834566,-0.0365852294228605,-0.0154771393306777,-0.0149952798845128,,,,-3.16%,4.03%
4/28/1989,-0.00722603504274122,0.00443817038342043,0.00501107242444021,0.00812757489780436,7.07819886391533E-05,,,,0.21%,0.73%
5/31/1989,-0.0603291139240507,-0.0361387229804488,-0.0535520022381595,-0.0489111027812663,-0.0442398652573491,,,,-4.86%,1.61%
6/30/1989,-0.00266490421025073,0.0106515663437798,0.0122490829283839,0.00689865428005787,0.0010933513280873,,,,0.56%,0.38%
7/31/1989,0.045165592210634,0.0412390373388867,0.0407247671952469,0.0443310681947354,0.0364579903284478,,,,4.16%,-0.87%
8/31/1989,-0.0497345548059384,-0.0478462802635841,-0.046500406968,-0.0422060937801704,-0.0148714907289396,,,,-4.02%,3.49%
9/29/1989,0.0391512390402327,0.0398783055651185,0.0376214192663532,0.0385180946896262,0.0185824059884935,,,,3.48%,-2.06%
10/31/1989,-0.00966743873202663,0.0155234003389828,0.01525968349499,0.0118950647409599,0.00181630457396936,,,,0.70%,1.15%
11/30/1989,0.00534391194035538,0.0326216230107055,0.0286195086934842,0.0102720101994463,0.014645725980185,,,,1.83%,0.93%
12/29/1989,0.0125777773758276,0.0515544663522829,0.051890701988656,0.0408361764159159,0.0224524218766241,,,,3.59%,0.99%
1/31/1990,-0.000727964160688821,0.0143263146036597,0.011041132271507,0.0140162460967296,0.00654463459985668,,,,0.90%,0.73%
2/28/1990,-0.0118013424606812,-0.00458923227856423,-0.0102000000677151,-0.000151268039199071,0.00258276969935696,,,,-0.48%,1.44%
3/30/1990,-0.0278597132680414,-0.0024906343924197,0.00113801026475235,0.00781141393037532,-0.0024093760878712,,,,-0.48%,2.55%
4/30/1990,0.000663273118111651,0.0192689921975734,0.0129859748894974,0.0106756024327539,0.00181067560857977,,,,0.91%,0.11%
5/31/1990,-0.0099404226003767,0.0279283499367184,-0.0133536417862795,-0.00441392073116748,0.0110610982971359,,,,0.23%,2.10%
6/29/1990,0.0117075536790398,0.013549301340861,0.022867557286925,0.0206049737563215,0.0270860355187972,,,,1.92%,1.54%
7/31/1990,0.0439787123798677,0.0493244345569152,0.0486082871734052,0.0473213058419244,0.0273742989928876,,,,4.33%,-1.66%
8/31/1990,0.0132336741619392,0.0192909071739934,0.00840403136127088,0.00466699201146686,0.0209475105326851,,,,1.33%,0.77%
9/28/1990,-0.0026643990929705,-0.00493861144860169,-0.00145517739192347,0.00187863805783761,0.0129161182487425,,,,0.11%,1.56%
10/31/1990,0.0373671695696907,0.0324224663696525,0.0314540901430175,0.0302588581835874,0.00287007374016601,,,,2.69%,-3.45%
11/30/1990,-0.00765548406862737,0.00982863440541759,0.00739695736533463,0.0108540505851724,0.00032947617852277,,,,0.42%,0.80%
12/31/1990,-0.00978918387413952,-0.00105129693118239,-0.0101335297816424,-0.000297567516418629,-0.0098053463469489,,,,-0.62%,0.00%
1/31/1991,0.0274747114093472,0.0116476563153815,0.0163490889109399,0.00825303292039503,0.0183477825605752,,,,1.64%,-0.91%
2/28/1991,-0.0298103264202803,-0.0291993891797557,-0.0283171380625531,-0.00647458823582625,-0.0106134593336374,,,,-2.09%,1.92%
3/29/1991,-0.0854382030907564,-0.0967901169512074,-0.0537460935789336,-0.103209128002934,-0.059166934639989,,,,-7.97%,2.63%
4/30/1991,0.0207314132183869,-0.00431608435452291,-0.00221627730395013,0.0019473601226066,0.00415952729756211,,,,0.41%,-1.66%
5/31/1991,-0.011550210639757,-0.0115571184799511,-0.00108226297479347,-0.0101580631622255,-0.0113007718576493,,,,-0.91%,0.02%
6/28/1991,-0.0224113043696836,-0.0177236911223955,-0.0417632638295579,-0.0239201698026763,-0.0318377770617687,,,,-2.75%,-0.94%
7/31/1991,0.014608598938153,0.0174820943338426,0.0371919042409421,0.0147891600016042,0.0346793926323567,,,,2.38%,2.01%
8/30/1991,0.0033761554465177,0.00653409684261419,0.00256908427181302,0.00313235502059273,0.00362138694558523,,,,0.38%,0.02%
9/30/1991,0.0447543119670876,-0.000503423193087604,0.052346265507506,0.053789568618662,0.0444414014518828,,,,3.90%,-0.03%
10/31/1991,0.00254599626475627,0.00152576334984411,-0.011902188920118,0.000334297228734681,-0.0017121652187992,,,,-0.18%,-0.43%
11/29/1991,0.00929876784844685,0.00583303133618068,0.017975125549278,0.0259508837622277,0.0231575558609356,,,,1.64%,1.39%
12/31/1991,0.0133169759758572,-0.0341893499337769,0.0671630738851407,0.0747446628420954,0.071325096434749,,,,3.85%,5.80%
1/31/1992,0.000468422322415285,-0.00982432116962773,-0.0505909264864489,-0.0463273789601863,-0.0430028909420625,,,,-2.99%,-4.35%
2/28/1992,-0.00426397107459237,-0.000705162566417283,-0.0263965682123959,-0.0160249370448146,-0.0136822266188597,,,,-1.22%,-0.94%
3/31/1992,-0.0166478674852181,0.011156420712472,-0.00505121096514283,-0.00139000081968804,-0.00300428965252255,,,,-0.30%,1.36%
4/30/1992,-0.00548642522050497,-0.00921189992067223,-0.00426003224745675,0.000516546658969219,0.00943907710350778,,,,-0.18%,1.49%
5/29/1992,0.0219603638331554,-0.00152716220976223,0.0406409311652568,0.0379189778648763,0.0360293085183893,,,,2.70%,1.41%
6/30/1992,0.0123400014481975,0.0031035779778405,0.0604078879070434,0.0521034507717463,0.0560414933452147,,,,3.68%,4.37%
7/31/1992,0.00126768805333222,-0.000591326665872916,0.0395812106682648,0.0254433779564714,0.0336783856417623,,,,1.99%,3.24%
8/31/1992,0.0122748013597797,-0.0210953143709636,0.0480760093526889,0.0456406976257381,0.0493403378914558,,,,2.68%,3.71%
9/30/1992,-0.00489443660315225,-0.00710069858686468,0.00297967302408309,-0.0487436418523401,-0.0364884886408719,,,,-1.88%,-3.16%
10/30/1992,-0.0413591427517503,-0.0231415549488461,-0.0448685655480523,-0.0971407493265769,-0.0749591550693505,,,,-5.63%,-3.36%
11/30/1992,-0.0119578207477805,-0.033143790543414,-0.0302670698960917,-0.029041633842812,-0.0559400879985051,,,,-3.21%,-4.40%
12/31/1992,0.00434305926791401,-0.00252161398912326,0.00917467034698072,-0.00787781908302354,-0.0280349393036436,,,,-0.50%,-3.24%
1/29/1993,-0.00688169126118315,-0.00436849053472016,-0.00493924690446917,0.0047124834549851,8.8495485396356E-05,,,,-0.23%,0.70%
2/26/1993,0.04247429274972,-0.00371680209698549,-0.0138407062869832,-0.0169917996293675,-0.0293153553558612,,,,-0.43%,-7.18%
3/31/1993,0.0205455665966553,0.00944493292233023,0.039441401549159,0.0235398415113296,0.0165893349129626,,,,2.19%,-0.40%
4/30/1993,0.0130581434064058,0.0223430108068028,0.0329274640840119,0.0186397255831006,0.0447438613018082,,,,2.63%,3.17%
5/31/1993,0.0065260633909483,0.00717491423762173,-0.0025977995004407,0.00724974293983138,0.00810990421560529,,,,0.53%,0.16%
6/30/1993,-0.000311637185904934,-0.044015615796171,-0.0242477218166193,-0.0619782016547223,-0.0618618050465443,,,,-3.85%,-6.16%
7/30/1993,0.00619470404984424,0.0127468243982321,0.012509059263238,-0.0289736017315698,-0.0395293534858435,,,,-0.74%,-4.57%
8/31/1993,-0.0102006434502848,0.00270043950763826,0.000417462832532523,0.0333948891776305,0.0190255292546424,,,,0.91%,2.92%
9/30/1993,-0.00967462537408015,0.000920536635706959,0.0126192689143445,0.0148521749506646,0.0289622431177928,,,,0.95%,3.86%
10/29/1993,-0.00519138294450894,-0.00249311104299882,0.00066938361202229,-0.0255673012660877,-0.0207006865918003,,,,-1.07%,-1.55%
11/30/1993,-0.0233461467268498,-0.00648317218589634,-0.0106814784559859,-0.0178307862996494,-0.0196454379661413,,,,-1.56%,0.37%
12/31/1993,-0.00692530708187056,0.0203581221868494,-0.0060777694449683,0.00889261104477601,0.00394173979667263,,,,0.40%,1.09%
1/31/1994,0.0122872956890057,0.0153289232272942,0.0295637033876414,0.0257016224127957,0.00612824979978153,,,,1.78%,-0.62%
2/28/1994,0.0143054427395976,0.0202213722137822,0.00518542650757126,0.00685372988200833,0.0112967891547689,,,,1.16%,-0.30%
3/31/1994,-0.00389456856248865,-0.00136803064767438,0.000192909323733448,0.0120626268112818,0.0285114564340215,,,,0.71%,3.24%
4/29/1994,0.00196951669241158,0.0104028188870058,0.0106274291589706,0.00660217451864054,0.0130883119040507,,,,0.85%,1.11%
5/31/1994,-0.0100675818212642,0.0153802421308893,0.011910777603604,0.00412990300414196,0.00828763679441951,,,,0.59%,1.84%
6/30/1994,0.0582734106755458,-0.00565899963490329,0.0307443509227925,0.0344090380662143,0.0213220046360285,,,,2.78%,-3.70%
7/29/1994,-0.0132356292758229,-0.00153546067615157,-0.00556846429993335,0.00645387885820326,-0.00339445504120477,,,,-0.35%,0.98%
8/31/1994,0.00418074405015356,0.00475286428681532,0.00315716412429545,0.00528809561258015,0.00285788896619208,,,,0.40%,-0.13%
9/30/1994,0.0224965734053889,0.0185437956382836,0.0221725364901925,0.00808610432456874,0.0189703423796461,,,,1.81%,-0.35%
10/31/1994,0.02363686999406,0.010448907421295,0.0341002868140556,0.0150373416693409,0.030679546036948,,,,2.28%,0.70%
11/30/1994,-0.029023322228465,-0.00304289511808598,0.00156250459588148,-0.0418790824734591,-0.0372777576914917,,,,-2.19%,-0.83%
12/30/1994,0.00168908567697668,0.0110822909988414,-0.00712017765470663,0.00325919303431044,0.00939031613844485,,,,0.37%,0.77%
1/31/1995,0.0059741324966443,0.01269984774817,0.00745549467713313,0.000768457754003526,-0.00359177558491004,,,,0.47%,-0.96%
2/28/1995,0.0358969308396445,0.0457746322194448,0.0323223042670032,0.0204553019027078,-0.00630260944519718,,,,2.56%,-4.22%
3/31/1995,0.103136917101761,0.054394703138277,0.0651186979472065,0.0474373812815218,-0.000454712062173268,,,,5.39%,-10.36%
4/28/1995,0.00575402128391978,-0.0138529873716073,-0.0139082001755455,-0.00493900167596351,0.0113729152654065,,,,-0.31%,0.56%
5/31/1995,-0.0144221805887896,-0.0207765867318835,-0.0114276151295702,-0.0140484507367836,-0.00177702560986592,,,,-1.25%,1.26%
6/30/1995,0.00332729315428387,0.0192526648574546,0.0100469178917473,0.00543754189180296,0.0084342687404658,,,,0.93%,0.51%
7/31/1995,-0.0215799073252491,-0.00424200417704096,0.00234281856483498,0.00385498927307093,0.0248666809694393,,,,0.10%,4.64%
8/31/1995,-0.0737939432885804,-0.0576180478426164,-0.0498492620275156,-0.0164400310509517,-0.0186964837895358,,,,-4.33%,5.51%
9/29/1995,0.0134788036479276,0.0258209678188223,0.0223569234302972,0.0129074229277531,0.0199912295096489,,,,1.89%,0.65%
10/31/1995,-0.0108307735370553,0.0103520575233558,0.00921762433525741,0.00476033525612563,0.0143009707344874,,,,0.56%,2.51%
11/30/1995,-0.0173443135970385,-0.0275565857311895,-0.0255890819732599,-0.0180344986588974,-0.0106931553502911,,,,-1.98%,0.67%
12/29/1995,-2.25711065597878E-05,0.00761388319535383,0.00643152043377204,0.00684586597355774,0.00334483006402817,,,,0.48%,0.34%
1/31/1996,-0.0446339121897312,-0.0401766582161764,-0.0414991806289178,-0.0198072063120934,-0.00714808901647925,,,,-3.07%,3.75%
2/29/1996,0.0113590862393634,0.0106579835186418,0.0115299044639584,0.00906705121369644,0.017955184312399,,,,1.21%,0.66%
3/29/1996,-0.00725193795033657,-0.00725478264067692,-0.00377634083271489,0.00140228593959507,0.00848971790977688,,,,-0.17%,1.57%
4/30/1996,-0.0130194983400976,-0.0382307243163318,-0.0321739748413712,-0.0128523585321989,-0.00212376101835867,,,,-1.97%,1.09%
5/31/1996,-0.0210262092984843,0.00135023851712357,-0.00177437821016546,-0.00148384120726641,0.0121390828484979,,,,-0.22%,3.32%
6/28/1996,-0.00918105131236663,-0.000769857969489807,0.00313355666956106,0.00334852050145928,0.00461452647512621,,,,0.02%,1.38%
7/31/1996,0.0311011048395747,0.0299071391121841,0.0270199376705859,0.00506389190659418,0.000399837059410424,,,,1.87%,-3.07%
8/30/1996,-0.0119202109797766,-0.00706535735562269,-0.0114192731020077,-0.00212534415775212,0.00716879406912083,,,,-0.51%,1.91%
9/30/1996,-0.0390546016465858,-0.0338776305489812,-0.0246451774448431,-0.00719352332484546,0.00111861253876151,,,,-2.07%,4.02%
10/31/1996,-0.0148302182007544,0.00634616502248153,0.0067047380261529,0.0159695934098001,0.013821062291224,,,,0.56%,2.87%
11/29/1996,-0.0193045451207328,-0.0187121458771394,-0.0161412435951873,-0.0117398522554459,0.00899872943461741,,,,-1.14%,2.83%
12/31/1996,-0.0290931875714384,-0.0162077464974446,-0.0072155778410406,-0.00578114135279845,-0.00842218047708663,,,,-1.33%,2.07%
1/31/1997,-0.0496738076799996,-0.0198679527402463,-0.0549410077811565,-0.0319897737803744,-0.0471578508015961,,,,-4.07%,0.25%
2/28/1997,-0.0186505755569038,-0.0255290995013776,-0.0329039477239379,-0.0360729442388348,-0.00983792784977824,,,,-2.46%,0.88%
3/31/1997,-0.0061423393813248,-0.00282911217154419,0.00538611228103014,0.00719150389257794,0.00316815175051211,,,,0.14%,0.93%
4/30/1997,-0.0232763263025165,-0.0429620658823551,-0.0354510481687075,-0.0344970250387667,-0.015399540779299,,,,-3.03%,0.79%
5/30/1997,0.0621238390052261,0.0101301163660646,0.00394447528258085,0.00874330131191825,2.15583775502681E-05,,,,1.70%,-6.21%
6/30/1997,-0.0107322030629501,-0.0122872891629083,-0.0267135771564878,-0.0210828229632933,-0.00249607036846946,,,,-1.47%,0.82%
7/31/1997,-0.0371694027979693,-0.055855169870228,-0.0305931319726358,-0.0504453648738776,-0.0326759894296848,,,,-4.13%,0.45%
8/29/1997,-0.00412317285349251,0.0182702346205115,0.00506930004495898,0.0193554019296461,-0.00198473134055577,,,,0.73%,0.21%
9/30/1997,0.00819229418916806,0.0196325277404165,0.0104377833555634,0.0337635530193023,0.00755348701432792,,,,1.59%,-0.06%
10/31/1997,0.0174134420035853,0.0225501807255483,0.020432351966954,0.00100513444428552,0.00318376068103199,,,,1.29%,-1.42%
11/28/1997,-0.0411881637216907,-0.0259105774830877,-0.0296131782314939,-0.0194220566121396,-0.0182322431775351,,,,-2.69%,2.30%
12/31/1997,-0.0245651167139561,-0.0175459023851323,-0.0207151149838133,-0.0136584947929746,-0.0332966254018138,,,,-2.20%,-0.87%
1/30/1998,0.000415220858217935,-0.0300045899187175,-0.0252830458620018,-0.0208970086008081,-0.00273887687372783,,,,-1.57%,-0.32%
2/27/1998,0.00539601204683804,0.00745755939866655,0.00424103996310088,0.0118778902727533,0.00384037044421544,,,,0.66%,-0.16%
3/31/1998,-0.0486495929920835,-0.0208401209654461,-0.0139450038285614,-0.0113986316145074,-0.0124640979574344,,,,-2.15%,3.62%
4/30/1998,0.0194465200536107,0.0131891070113723,0.0259195885982515,0.00276166748691353,0.00859242081722977,,,,1.40%,-1.09%
5/29/1998,-0.0204287126266369,0.00246183609646178,0.0038258378521252,-0.0145289379661881,-0.0228370663081909,,,,-1.03%,-0.24%
6/30/1998,-0.0116965428207746,-0.0128608093356371,-0.0128237508229564,-0.0169162858125707,-0.00914969109598516,,,,-1.27%,0.25%
7/31/1998,0.013177614884257,0.0111587153994708,0.00592038432463593,-0.00858073138588228,-0.0130626078793907,,,,0.17%,-2.62%
8/31/1998,0.0105079069291044,0.00113346874294751,0.00226549043440472,-0.00972225390267828,-0.0357708887060568,,,,-0.63%,-4.63%
9/30/1998,0.0417917247687947,0.0540735589642305,0.0579417032482266,0.0535803102045808,0.037572170795717,,,,4.90%,-0.42%
10/30/1998,0.0917830029729925,0.0043390026443626,0.00248476714417489,0.0286449933828016,0.00681359275434237,,,,2.68%,-8.50%
11/30/1998,-0.0429428539362218,-0.0235965493998054,-0.0319649845722043,-0.0152631825300812,-0.00625580757794151,,,,-2.40%,3.67%
12/31/1998,0.0487255789111191,0.00692464170024859,0.00619274932394565,0.0132102370334418,-0.00680588736634222,,,,1.36%,-5.55%
1/29/1999,-0.0295281152868041,0.0230846647377028,0.0192815209780794,0.012852206273259,0.000749688721273212,,,,0.53%,3.03%
2/26/1999,-0.0250067252459926,-0.0417455377400432,-0.0311796891814369,-0.00812485161655785,-0.0356500026112538,,,,-2.83%,-1.06%
3/31/1999,-0.0102069275487536,-0.0130455157411021,-0.000411491783617546,0.00877450495434623,0.0160142758372683,,,,0.02%,2.62%
4/30/1999,-0.0232469975244047,-0.0271431259279429,0.00841364260682509,0.0378901031374377,-0.00757803111729555,,,,-0.23%,1.57%
5/31/1999,-0.0104027489509738,-0.0200745563504266,-0.0305185248768731,-0.0121991522964654,-0.00845947082423587,,,,-1.63%,0.19%
6/30/1999,-0.01109145988959,-0.00112435335657607,-0.0147943547309289,0.00409725334017985,-0.00529314930966057,,,,-0.56%,0.58%
7/30/1999,0.0336172297536859,0.0396664264796582,-0.00850180012515284,0.019071445919118,0.00551764525343129,,,,1.79%,-2.81%
8/31/1999,0.0144911956743966,-0.0133522057140053,-0.0174920963454858,-0.00752463805245918,-0.00854370905389018,,,,-0.65%,-2.30%
9/30/1999,0.0147841511635047,0.00913934948497475,0.00386586293948682,0.0197253798329839,0.0216734216864182,,,,1.38%,0.69%
10/29/1999,-0.000584126614168679,-0.004415840122448,-0.00781161439039685,-0.0174940499703856,-0.0179290894897526,,,,-0.96%,-1.73%
11/30/1999,-0.0120569077660814,-0.0409978691568834,-0.0370899486615917,0.00214421510048879,-0.0170042931262858,,,,-2.10%,-0.49%
12/31/1999,-0.008467955109839,-0.00664236575130905,0.00213038935769178,0.0212868464959598,0.00716931651125552,,,,0.31%,1.56%
1/31/2000,-0.0459595698376177,-0.0347603787393085,-0.0152630452457103,-0.0410679647414463,-0.016213547224175,,,,-3.07%,2.97%
2/29/2000,-0.0187298860705773,-0.0140201146226924,0.00196106963366904,-0.0280267165273753,-0.0171912174470509,,,,-1.52%,0.15%
3/31/2000,0.0338225009726717,-0.009344719617075,0.00407945049170855,0.00388064124514603,-0.00301845414571683,,,,0.59%,-3.68%
4/28/2000,-0.0455501442019917,-0.0399127009650822,-0.0350727922734941,-0.0377349396766272,-0.0338282485843813,,,,-3.84%,1.17%
5/31/2000,-0.0214654301830095,0.0212880724597858,0.00754227847614641,-0.0366609755858661,-0.0111986753904693,,,,-0.81%,1.03%
6/30/2000,0.0252748187763613,0.0271585752381576,0.0271826278746593,0.0238033455354079,0.0199064582239059,,,,2.47%,-0.54%
7/31/2000,-0.0299446761637,-0.0377232549812361,-0.0179001954904176,-0.0231111813963096,-0.0338355569838309,,,,-2.85%,-0.39%
8/31/2000,-0.0119576419608586,-0.0415441772313231,-0.0197846172205595,-0.0213247886232625,-0.0456362094209435,,,,-2.80%,-3.37%
9/29/2000,-0.00281270412317142,-0.0134563193078694,-0.0149438304417062,-0.0217775892883287,-0.0220397159353994,,,,-1.50%,-1.92%
10/31/2000,-0.0294191670576972,-0.0399994674686872,-0.0253772990208677,-0.0312669076098467,-0.0244655219589418,,,,-3.01%,0.50%
11/30/2000,0.00914759681767435,0.0074662099911661,0.00652821428270811,-0.00250545228353022,0.0130693256148686,,,,0.67%,0.39%
12/29/2000,0.012979597353719,0.0701681717993627,0.0613512032156084,0.0375985124850429,0.0717141308898697,,,,5.08%,5.87%
1/31/2001,-0.017304839602045,-0.0109476622300229,-0.00321240574420534,-0.0203825382378631,-0.00179198095233957,,,,-1.07%,1.55%
2/28/2001,-0.0208264965050919,-0.00947541905406008,-0.011326142092675,-0.0136777522338074,-0.0307109685979655,,,,-1.72%,-0.99%
3/30/2001,-0.0531023805973296,-0.0531856424480878,-0.0395631040164665,-0.0466561421161286,-0.0461666810968165,,,,-4.77%,0.69%
4/30/2001,0.00482870143094999,0.00823214623732993,0.0165266878754434,0.0253726927308973,0.0112487245777196,,,,1.32%,0.64%
5/31/2001,0.000590872350826888,-0.0299702992738147,-0.0270104839562657,-0.0275212420105074,-0.0177003408541179,,,,-2.03%,-1.83%
6/29/2001,-0.0245022367726875,0.00515197298238695,0.00277921304847428,0.00208357175629242,-0.000461396985578066,,,,-0.30%,2.40%
7/31/2001,0.0142014682612589,0.0197028417680631,0.0296443138115728,0.00127625089184102,0.0125125189042209,,,,1.55%,-0.17%
8/31/2001,0.0435478168540717,0.00269303310150115,0.0397851815402759,0.0310896999846968,0.0490446110590176,,,,3.32%,0.55%
9/28/2001,0.0121191348658227,-0.00821563094348826,-0.00926510740099545,-0.0258006575701419,-0.0354226192837796,,,,-1.33%,-4.75%
10/31/2001,-0.0182479510743549,-0.00846556880408939,-0.00577904036898719,0.00557565154458517,0.00811094939363533,,,,-0.38%,2.64%
11/30/2001,-0.00568354544047128,0.00171466694192574,-0.00254461405201456,0.00712446057250366,0.00387808524891781,,,,0.09%,0.96%
12/31/2001,-0.0363379174794939,-0.00798757853041915,0.0101444613971867,0.00235128668989842,2.78508087875329E-05,,,,-0.64%,3.64%
1/31/2002,-0.0277810058899894,-0.0172631147605107,-0.0264532000405195,-0.01677830907287,-0.00452071548146221,,,,-1.86%,2.33%
2/28/2002,0.00551979970577865,0.000543138228802476,0.00545472220072285,0.0213140769535444,0.0192959188139116,,,,1.04%,1.38%
3/29/2002,0.00945680756167544,0.00536745340633038,0.00654675499630908,0.0198772429270522,0.0272938132955792,,,,1.37%,1.78%
4/30/2002,0.0361548907126482,0.0261794619528143,0.0309000004115695,0.0101801802932957,0.0349184414011786,,,,2.77%,-0.12%
5/31/2002,0.0311492261839714,0.0299571333990929,0.0192682532877954,0.0534248633916691,0.0645492639203368,,,,3.97%,3.34%
6/28/2002,0.0465808025987029,0.0347033971089039,0.0534361455826038,0.0292596868211518,0.0427672359384126,,,,4.13%,-0.38%
7/31/2002,0.00294452252400557,-0.0245235363837202,0.0101345803322329,-0.0310887569824632,-0.0233322128527441,,,,-1.32%,-2.63%
8/30/2002,-0.0033100207661016,0.00853726406101607,-0.00438752793763086,0.0126458313706898,0.00788834660023874,,,,0.43%,1.12%
9/30/2002,-0.00342130800776747,-0.00404170515229096,0.0113088999925244,0.000332195861818263,0.0134478979000847,,,,0.35%,1.69%
10/31/2002,-0.00682491992908896,0.00903394723052442,-0.000567957018809018,0.0180311995254027,0.0173531989782624,,,,0.74%,2.42%
11/29/2002,-0.00231807961436492,0.0018829726941843,0.00165530596604363,0.0125562958068257,0.0235533029383813,,,,0.75%,2.59%
12/31/2002,0.0540621873810669,0.0242395480575889,0.0463750739973507,0.0243747086520018,0.0579747123430981,,,,4.14%,0.39%
1/31/2003,-0.00108788512224495,0.0307644716883748,0.0229797501479332,0.0280933326466069,0.0211134664634097,,,,2.04%,2.22%
2/28/2003,0.0125305327819295,0.0149440304423657,0.010410657175505,-0.00129085947350843,0.0013879727541784,,,,0.76%,-1.11%
3/31/2003,0.00112566467878761,0.0115393557225127,0.00871395085979165,-0.000270974541393798,-0.00960016301839356,,,,0.23%,-1.07%
4/30/2003,-0.00625646108085781,0.0248121235103027,0.0200060760372024,0.0377077624497921,0.026542741368845,,,,2.06%,3.28%
5/30/2003,0.020205477912406,0.0547706614482406,0.0369686965182723,0.0493413552898633,0.0405506492316747,,,,4.04%,2.03%
6/30/2003,-0.0217271095451507,-0.0238337554366858,-0.00764828356662894,0.0203394296516084,-0.0261035930573739,,,,-1.18%,-0.44%
7/31/2003,-0.00878002641372949,-0.0214980713272468,-0.0311545871180747,-0.0150814459554449,-0.0213245887354345,,,,-1.96%,-1.25%
8/29/2003,0.0040867276115481,-0.0215840556334232,-0.0207069636661996,-0.00732569847602099,0.00205261240843779,,,,-0.87%,-0.20%
9/30/2003,0.0554732353154031,0.0630644625560473,0.0547453181633948,0.061691563900711,0.0418357343113657,,,,5.54%,-1.36%
10/31/2003,-0.00110975839355187,-0.00587545488402358,0.00883782518245835,0.00590217506345464,0.0369952639065155,,,,0.90%,3.81%
11/28/2003,0.0203895034367441,0.033284487985891,0.0295464427826403,0.0267916370525162,0.0354336565752785,,,,2.91%,1.50%
12/31/2003,0.0273984476476922,0.0475510955779226,0.0309842294750003,0.018558754280699,0.0317878931017829,,,,3.13%,0.44%
1/30/2004,0.00360908589691222,-0.00779167387045854,-0.0330691947828549,0.00227637912946349,0.024829966440139,,,,-0.20%,2.12%
2/27/2004,-0.0175357499511877,0.000825171197676,-0.00445286177632631,0.0119770718775105,0.021545704527058,,,,0.25%,3.91%
3/31/2004,0.0226930927665047,0.00368972298449971,0.0045960333391023,-0.0149736174322038,-0.0212321425938579,,,,-0.10%,-4.39%
4/30/2004,-0.0404193109944657,-0.0133463493916888,-0.0346706354676954,-0.0226748686012865,-0.0522319501617802,,,,-3.27%,-1.18%
5/31/2004,0.018998098566735,0.0122298005621108,0.022108401027706,0.0273080114892406,-0.00109536254050346,,,,1.59%,-2.01%
6/30/2004,0.00342877093951921,-0.00512886451824307,-0.00581261017424356,-0.0043815197320064,-0.00728754484163574,,,,-0.38%,-1.07%
7/30/2004,-0.0199104424300125,-0.00107305808399527,-0.0166406649081802,-0.00410771461670767,0.0102650955410406,,,,-0.63%,3.02%
8/31/2004,0.0167135968612423,0.0141880976496502,0.0187074090486302,0.0013174967532627,0.0210514474276285,,,,1.44%,0.43%
9/30/2004,0.00310463199950201,0.0331515755789382,0.0247524211656959,0.0152845016332248,0.0343726158525987,,,,2.21%,3.13%
10/29/2004,0.0372990461281855,0.0373900678526902,0.0252137095321613,0.0237497607431467,0.0189317956926375,,,,2.85%,-1.84%
11/30/2004,0.0385723383729906,0.0467564996061692,0.0401780653723999,0.0337690723704357,0.0425858609555497,,,,4.04%,0.40%
12/31/2004,0.00174152476306527,0.0081628518852308,0.0187869625562039,-0.00243271983937093,0.0109731876617036,,,,0.74%,0.92%
1/31/2005,-0.0261516567442651,-0.046162480112051,-0.0345102090440844,-0.0268653893873768,-0.00625618320115468,,,,-2.80%,1.99%
2/28/2005,0.00753140875172914,0.0220386176758721,0.0150224364749714,0.0142765077566628,0.0243837526942451,,,,1.67%,1.69%
3/31/2005,-0.0286004639837973,-0.0286779968790601,-0.022748244966988,0.000975908336315667,-0.0206614361469353,,,,-1.99%,0.79%
4/29/2005,0.0119450185941371,-0.00155312682274206,-0.00543647410819942,-0.0119963417412761,0.023095552083762,,,,0.32%,1.12%
5/31/2005,-0.0381326727728362,-0.0333839880861097,-0.0450829278983989,-0.0212650294577089,-0.0333238520776591,,,,-3.42%,0.48%
6/30/2005,-0.0298497277665106,-0.0348624292736502,-0.022048627164965,0.00180999595950204,-0.00270200099419704,,,,-1.75%,2.71%
7/29/2005,-0.010086846417976,0.00348836125679008,-0.000834310889090861,-0.0094864977148314,-0.0104424611434455,,,,-0.55%,-0.04%
8/31/2005,0.0197916276660801,0.0212224980614233,0.0168790043491569,0.0290641345885623,0.00696294197224268,,,,1.88%,-1.28%
9/30/2005,-0.0296695309778132,-0.0281543334449728,-0.026835247358725,0.000201827127838394,0.00669305460275121,,,,-1.56%,3.64%
10/31/2005,-0.0141727562347123,-0.0184106689847152,-0.000237448696080833,-0.00880451735440907,-0.00504465307762303,,,,-0.93%,0.91%
11/30/2005,-0.0260146349948262,-0.0183920533601892,-0.0288167884472348,-0.00528408501303018,-0.00156759164644943,,,,-1.60%,2.44%
12/30/2005,0.00455586981421652,0.00608741435167348,-0.00132445350439458,-0.00398472700343761,-0.0166972468442854,,,,-0.23%,-2.13%
1/31/2006,0.0175028052169119,0.028582048872579,0.025820835283305,0.0279764140659484,0.0185819253828378,,,,2.37%,0.11%
2/28/2006,-0.0116364498935628,-0.0310635381903288,-0.0223859133259077,-0.0071710721835262,-0.0253184313317431,,,,-1.95%,-1.37%
3/31/2006,-0.00776835279826527,0.0203899891457594,0.0142535190666971,-0.0172979836022258,-0.055577877889977,,,,-0.92%,-4.78%
4/28/2006,0.0397406740348409,0.057186079804034,0.0390845151644256,0.0433523831054257,0.0493976721740895,,,,4.58%,0.97%
5/31/2006,0.0132100130261895,0.0136607533473162,0.0141480936865774,0.0216104052684514,-0.00355604671105897,,,,1.18%,-1.68%
6/30/2006,-0.016408248811707,-0.00480491978202957,-0.0177354862024683,-0.0140001413205325,-0.0280451340090286,,,,-1.62%,-1.16%
7/31/2006,-0.00564289819461322,0.00143034670336584,-0.00402350386681799,-0.00331117157029626,0.0223093718008686,,,,0.22%,2.80%
8/31/2006,-0.0160521034211398,-0.0186286611745547,0.000108930285045883,0.0195407302494688,0.0299238629568231,,,,0.30%,4.60%
9/29/2006,-0.0127103164720693,-0.0220581446967973,-0.0107464314582122,-0.0140609736640492,-0.011974759694648,,,,-1.43%,0.07%
10/31/2006,0.00553329490217935,0.00126140820627796,0.0040260068180612,0.00617084528968964,0.0319581870967405,,,,0.98%,2.64%
11/30/2006,0.0207930321628451,0.0446661236165319,0.0474104376076324,0.00611391306258202,0.0206803870717199,,,,2.79%,-0.01%
12/29/2006,-0.0263467437836497,-0.0101906841432269,-0.00697115719966424,-0.0139766761356223,0.0133938757030047,,,,-0.88%,3.97%
1/31/2007,-0.02154522695809,-0.0191791449276335,-0.011336694269002,-0.00606550817175833,-0.0221460077751195,,,,-1.61%,-0.06%
2/28/2007,0.0193719331563903,0.00325636480412506,0.0159952441304028,0.00299903338547125,0.0209032552290299,,,,1.25%,0.15%
3/30/2007,0.00440590973785004,0.00518337133029756,0.00874364179014942,0.00905640077529168,0.0242197484730003,,,,1.03%,1.98%
4/30/2007,-0.00880403771763089,0.0296137279368629,0.0287532297728055,0.0177682288959312,0.0325011411603382,,,,2.00%,4.13%
5/31/2007,-0.0199035460112067,-0.025868225163633,-0.0176658144166366,0.0118375257057394,-0.00620743150454522,,,,-1.16%,1.37%
6/29/2007,-0.00709432380770197,0.0064478014605065,0.00531717574162749,0.0191756382109596,0.0391895950323536,,,,1.26%,4.63%
7/31/2007,0.0228956353107984,0.013663143085254,0.00338357067341033,0.0128463402866293,0.00492849897634751,,,,1.15%,-1.80%
8/31/2007,0.00900251590150614,-0.0168052939269544,-0.000751486997997208,-0.00591523610982536,-0.0699075544814794,,,,-1.69%,-7.89%
9/28/2007,0.0202583645521903,0.0520300643245419,0.0587504910561257,0.0355264621017389,0.0849255739228774,,,,5.03%,6.47%
10/31/2007,-0.00131641700793916,0.0135441361503392,0.0304701114778629,0.0106891498655055,0.0303190545473793,,,,1.67%,3.16%
11/30/2007,0.0310247765559006,0.00537977996247524,-0.0188471074067215,-0.0184088890517072,-0.025869123391657,,,,-0.53%,-5.69%
12/31/2007,-0.00902856498882992,-0.00880441179898783,-0.00411548637460002,-0.010183105741591,-0.000115394225699894,,,,-0.64%,0.89%
1/31/2008,0.0455572587999742,0.0170454265879898,0.000223981345791491,0.00409702494514863,0.0263877872814997,,,,1.87%,-1.92%
2/29/2008,0.029615994891102,0.0235461878954476,0.0272979816629657,0.0202968488891237,0.036277471974819,,,,2.74%,0.67%
3/31/2008,0.048577031497719,-0.00370788269946493,0.0391435981595508,0.0125243382326837,-0.0202778313412122,,,,1.53%,-6.89%
4/30/2008,-0.0463715318277451,0.00319580803500807,-0.0115637341750113,-0.00141647700846043,0.0177606094855632,,,,-0.77%,6.41%
5/30/2008,-0.00632026436469063,0.00672726347523334,-0.00157403874908219,0.00295304992700102,0.0105179100586128,,,,0.25%,1.68%
6/30/2008,0.00731394026783544,-0.00529718349329222,0.00462129600677419,0.00492216125079548,-0.00943024874670312,,,,0.04%,-1.67%
7/31/2008,-0.0208460201847323,-0.00738645147430544,-0.00652377555786821,-0.00425456233731164,-0.0221968493404843,,,,-1.22%,-0.14%
8/29/2008,-0.0279716630567657,-0.0473342210784606,-0.0598852886809704,-0.0655579027157351,-0.0654210544429043,,,,-5.32%,-3.74%
9/30/2008,0.00472590655622901,-0.0168059133963755,-0.0537046669219213,-0.0470866139914489,-0.0567219970467666,,,,-3.39%,-6.14%
10/31/2008,0.0158417243657541,-0.0983927513984838,-0.105772569711299,-0.131350550882163,-0.121948154387753,,,,-8.83%,-13.78%
11/28/2008,-0.00665760866757092,-0.0421339427926485,-0.0309389454699489,-0.0248550077931504,-0.0384984704054367,,,,-2.86%,-3.18%
12/31/2008,0.0931235685102625,-0.0125735889462474,0.0651640499181201,0.084712630089794,0.035979063309253,,,,5.33%,-5.71%
1/30/2009,-0.0337199488984247,-0.0366764876889699,-0.0468897552455077,-0.0359345408758668,-0.107258451960789,,,,-5.21%,-7.35%
2/27/2009,-0.0431239464505065,-0.0185115579235299,-0.0395450733493724,-0.0125798335231712,0.00312388308090961,,,,-2.21%,4.62%
3/31/2009,0.00529413634625209,0.00362016502242535,0.0669843867553642,0.0445151224050576,0.104541128168745,,,,4.50%,9.92%
4/30/2009,0.00244498980332641,0.0446086647124115,0.0162144172676454,0.0153063559128139,0.0303124507280443,,,,2.18%,2.79%
5/29/2009,0.0517496114650929,0.0704755648144747,0.0784936346640194,0.0527144126549847,0.107815560804082,,,,7.22%,5.61%
6/30/2009,-0.0118899002920272,-0.0215021694306103,-0.00970735672247108,-0.0126903011308961,0.0109689023331085,,,,-0.90%,2.29%
7/31/2009,0.0189314243817835,0.0456847935804556,0.0417237421848078,0.0332528810175179,0.0291484700691956,,,,3.37%,1.02%
8/31/2009,0.0102811215210498,0.00355219140123525,-0.0102796387967877,0.0112307252146669,0.0240614016557089,,,,0.78%,1.38%
9/30/2009,0.0348929416978322,0.00980671400640587,0.00230361030403969,0.0269879415274011,0.0541671611822892,,,,2.56%,1.93%
10/30/2009,-6.88899982270175E-05,-0.00440278183614973,0.0159399424438242,0.0119873899364276,0.00830018763497192,,,,0.64%,0.84%
11/30/2009,0.0160491514806352,0.0331951339880571,0.00731643001105947,0.000408300651630944,0.00655631661143546,,,,1.27%,-0.95%
12/31/2009,-0.0262219858252419,-0.0332596643126227,-0.030357863134738,-0.0226126306131655,-0.000555988892657733,,,,-2.26%,2.57%
1/29/2010,-0.0267394255955218,0.00481774675955365,-0.0207239237395436,-0.0263973848010008,-0.0177895344336543,,,,-1.74%,0.89%
2/26/2010,0.0041633680929517,0.0229040910676189,-0.0342418524945031,-0.00945958082115511,0.00180671219230921,,,,-0.30%,-0.24%
3/31/2010,-0.0129314979185317,0.0132956655023778,-0.00392390710635737,-0.00457703819061167,0.0215750110729673,,,,0.27%,3.45%
4/30/2010,-0.0156561936274216,-0.0140982162282716,0.00235415618174267,-0.0074944979096645,0.0223935738168038,,,,-0.25%,3.80%
5/31/2010,-0.0139333219280611,-0.051977017184853,-0.0610479878375864,-0.0760051833402948,-0.0762252381391598,,,,-5.58%,-6.23%
6/30/2010,0.0487641213957073,-0.0021617904528779,0.0126218761841865,-0.00843295505915459,0.00942080411874957,,,,1.20%,-3.93%
7/30/2010,0.0305980707166434,0.062543959779779,0.0626757068655064,0.0507036313484532,0.0610822789728298,,,,5.35%,3.05%
8/31/2010,0.0259863814465816,-0.028631654644236,-0.0240230561166142,-0.0369182831591578,-0.024421153026896,,,,-1.76%,-5.04%
9/30/2010,0.022004568953039,0.07166655198329,0.0296017632455465,0.0807923812277261,0.0703917944287232,,,,5.49%,4.84%
10/29/2010,0.0178058807512164,0.0201121321268386,0.0152012756845832,0.00481146336002258,0.0301361434247988,,,,1.76%,1.23%
11/30/2010,-0.0264157713817378,-0.0458009547906653,-0.0359041705097797,-0.0473923681486713,-0.0203686837475197,,,,-3.52%,0.60%
12/31/2010,0.0519661296978718,0.0269366325530078,0.0184585571187791,0.0527816132190009,0.0587738200239425,,,,4.18%,0.68%
1/31/2011,-0.00820506643360136,0.0227935535073562,0.00917369217777242,0.0265031546651729,-0.0130763195798325,,,,0.74%,-0.49%
2/28/2011,0.0073105831477629,0.00986655993670815,0.0183711774153638,0.0236704330336015,-0.00098335216485157,,,,1.16%,-0.83%
3/31/2011,0.00294920414265043,0.00797931274867314,0.015462397683033,0.0108242147054886,0.0184567502930395,,,,1.11%,1.55%
4/29/2011,0.037646846545369,0.0409189325377231,0.0323359745088976,0.0499099566136847,0.0514831659708868,,,,4.25%,1.38%
5/31/2011,-0.00674890838368492,-0.0290637557615216,0.00164580635259681,-0.0157670722239521,2.47049977629699E-05,,,,-1.00%,0.68%
6/30/2011,0.0124046255817567,-0.00590509634997588,0.00744835610153483,-0.00873933386122888,0.00865230099147707,,,,0.28%,-0.38%
7/29/2011,0.0571139482840961,0.0155506658119743,-0.00812611830425802,0.00278096094728575,0.0443158244648819,,,,2.23%,-1.28%
8/31/2011,-0.0054976017421432,-0.0160158039081761,0.00129053559532466,0.000215365882328733,-0.0223485434879425,,,,-0.85%,-1.69%
9/30/2011,-0.0588769935611404,-0.0529814529931443,-0.062833836518388,-0.0778007549103493,-0.0955585064767413,,,,-6.96%,-3.67%
10/31/2011,0.0126068902195314,0.0346461387843731,0.0366806650361112,0.0540862439580756,0.0747109006108221,,,,4.25%,6.21%
11/30/2011,-0.0173849997542399,-0.0301872190776382,-0.0280903310028683,-0.0412776002107644,-0.0342461277425954,,,,-3.02%,-1.69%
12/30/2011,-0.00990422320280954,-0.0362931239083339,-0.00488649286327864,-0.0251801263932517,0.00374681624461415,,,,-1.45%,1.37%
1/31/2012,0.0141406259481985,0.00699813061645305,0.0140515484937355,0.0143018142111523,0.0490298509161201,,,,1.97%,3.49%
2/29/2012,-0.0178376096084915,0.0215594014112345,0.014321970250767,0.0442189567379009,0.0191502354163443,,,,1.63%,3.70%
3/30/2012,-0.00801788300161715,-0.00303236070980151,-0.00482725754256802,-0.0137771559016625,-0.0291010348659952,,,,-1.18%,-2.11%
4/30/2012,0.0136887056901246,-0.00926070692094416,0.012595596223938,-0.0112381861727905,0.00271726855131454,,,,0.17%,-1.10%
5/31/2012,-0.0221968596767956,-0.0647892357592308,-0.0468998356199114,-0.0672054408775033,-0.0691890990071931,,,,-5.41%,-4.70%
6/29/2012,0.0224677636681985,0.00120794702146293,0.0150346423940685,0.0362056593173671,0.0572203970498841,,,,2.64%,3.48%
7/31/2012,-0.027943519714403,-0.00413391982623851,0.00811413748791284,0.00369693905637292,0.0218913408968963,,,,0.03%,4.98%
8/31/2012,0.0205746377543627,0.00812299599181926,0.0141136835307458,0.0324127517290969,-0.012604693874713,,,,1.25%,-3.32%
9/28/2012,0.0215084913146447,0.0142274946733922,0.0101125505309032,0.0113394052316702,0.0221826790518607,,,,1.59%,0.07%
10/31/2012,0.00747211149299576,-0.0097249942903308,-0.00888025246141105,-0.00304201500324131,-0.00319128363544685,,,,-0.35%,-1.07%
11/30/2012,0.00443251428689995,-0.0154554389605466,0.000248304284326428,0.000529922938090288,0.00273808290551192,,,,-0.15%,-0.17%
12/31/2012,0.0144054019908789,-0.0165838135174693,0.00640686240005084,0.0226545718477664,0.00297657037890997,,,,0.60%,-1.14%
1/31/2013,0.0170414933322053,-0.0123956579379078,-0.0147002279099091,0.0191973222173102,0.0115157236195161,,,,0.41%,-0.55%
2/28/2013,-0.0311163727608944,-0.0246985037694517,-0.0294712181499658,-0.0377329849947716,-0.0153687171938534,,,,-2.77%,1.57%
3/29/2013,-0.019008009708305,-0.0190118481862503,0.00609412799477238,-0.0148542869498771,0.0149119452410187,,,,-0.64%,3.39%
4/30/2013,0.0238050518662873,-0.00480094316458635,0.0140415650973136,0.0104173609577352,0.0122330133928191,,,,1.11%,-1.16%
5/31/2013,-0.0213537980032989,-0.0247823108012893,-0.0229093724653285,-0.022041103210041,-0.071598997189393,,,,-3.25%,-5.02%
6/28/2013,0.00819730811803043,0.00841490701881609,-0.00762846243505505,-0.0257767820600469,-0.0369951883408324,,,,-1.08%,-4.52%
7/31/2013,0.0216423475175551,0.0160927753191618,0.0157176689232776,0.0278050908206425,0.00717781064295198,,,,1.77%,-1.45%
8/30/2013,-0.00482327703538138,-0.0036402020841354,0.00175246271225404,-0.029310656422457,-0.0165833329142965,,,,-1.05%,-1.18%
9/30/2013,0.0278234189416784,0.0117036987470006,0.0397380417872577,0.0207577677124678,0.0640661094686668,,,,3.28%,3.62%
10/31/2013,0.00186207448509385,0.00135065019010355,-0.00832068168555805,-0.000946601761545485,0.00490518457198913,,,,-0.02%,0.30%
11/29/2013,0.00145775819857386,-0.0202452423146083,0.00386843439421353,-0.0222375983740007,-0.0238178216517535,,,,-1.22%,-2.53%
12/31/2013,-0.00722703872694708,0.0129018742149041,0.0144953185709126,0.00245203479767542,-0.00477442364281044,,,,0.36%,0.25%
1/31/2014,-0.0177557510940053,0.0041584047279592,-0.0122677892140746,-0.0377220645742176,-0.0166680619604447,,,,-1.61%,0.11%
2/28/2014,0.0268545731897222,0.0125618913416294,0.0198610858933969,0.026223002216923,0.0300678202374783,,,,2.31%,0.32%
3/31/2014,-0.00342065300322025,-0.00693981143044736,-0.00793824141566996,0.00138705562617802,0.0374906083111635,,,,0.41%,4.09%
4/30/2014,0.00633958534362133,0.00743414725137459,0.00379077332415589,0.00795106159097714,-0.00255592752090755,,,,0.46%,-0.89%
5/30/2014,-0.00634242563742538,-0.0172276007064221,-0.0176491058419767,0.00120795386814981,-0.00710589550837071,,,,-0.94%,-0.08%
6/30/2014,0.00713582350466757,0.00373543024332812,0.0100448989065262,-0.00366357941057616,0.0267630804740977,,,,0.88%,1.96%
7/31/2014,-0.0186754857007792,-0.0226432677678508,-0.0219005447500169,-0.0227689486245169,-0.0198434891275289,,,,-2.12%,-0.12%
8/29/2014,-0.0132486689535746,-0.0158275550116012,-0.0152519807517139,0.0097322617626372,-0.00289574111089697,,,,-0.75%,1.04%
9/30/2014,-0.045382034729606,-0.0400465787869805,-0.0281235458535809,-0.0342125969851858,-0.0656758584501064,,,,-4.27%,-2.03%
10/31/2014,-0.0127201407773769,-0.00712574237332658,-0.0181911638078456,-0.0260533318344504,0.00651429995361641,,,,-1.15%,1.92%
11/28/2014,-0.0308642565169488,-0.00885205176377885,-0.0168302532686457,-0.026227240648781,-0.0112625691013811,,,,-1.88%,1.96%
12/31/2014,-0.0180175767146125,-0.0274909895917639,-0.0247288136661151,-0.0384627629534884,-0.0203477368464925,,,,-2.58%,-0.23%
1/30/2015,0.00669393134654089,-0.0241539145714993,-0.046004517443228,-0.0602200594220349,-0.0587230621045426,,,,-3.65%,-6.54%
2/27/2015,-0.0230346042366129,-0.0149555040743879,0.00842230337151767,0.0136650311546626,0.0255314838578564,,,,0.19%,4.86%
3/31/2015,-0.0326514166592164,-0.0222880817911154,-0.0355133512564185,-0.031042764422137,-0.0159495231269008,,,,-2.75%,1.67%
4/30/2015,0.0381207424866542,0.0162172553149349,0.0370777292393999,0.0566820090254325,0.0277386439956022,,,,3.52%,-1.04%
5/29/2015,-0.0102228360695887,-0.0204505433310488,-0.0204775780393796,-0.0302916343570867,-0.0457698363701697,,,,-2.54%,-3.55%
6/30/2015,0.00958441875637039,0.0213026153996865,0.0217261624262793,-0.00424210480136045,-0.0194235559594151,,,,0.58%,-2.90%
7/31/2015,-0.0199891048232509,-0.0250350892351401,-0.00777121070393361,-0.038077395077164,-0.0331317446776355,,,,-2.48%,-1.31%
8/31/2015,0.00712244066040768,0.0116768902728128,0.00167736966681309,-0.0175961435692443,-0.0247784492029948,,,,-0.44%,-3.19%
9/30/2015,-0.00197865898375255,0.00598712797615209,-0.00583024893186435,-0.0223000739715168,-0.0124150958559517,,,,-0.73%,-1.04%
10/30/2015,-0.00282296704280433,-0.0120236045705204,0.00350472363377408,-0.0117509996636052,0.0460741281538194,,,,0.46%,4.89%
11/30/2015,-0.0409815302915145,-0.0237627661356463,-0.0354126031549552,-0.023334911610801,-0.0050888515575464,,,,-2.57%,3.59%
12/31/2015,0.0260020785642069,0.027192613767265,0.00344041478076906,-0.0277017825028412,0.0244034883993153,,,,1.07%,-0.16%
1/29/2016,-0.0187886991871031,-0.00439640908268785,-0.0116113261953436,-0.0106835089184205,-0.0394360811599097,,,,-1.70%,-2.06%
2/29/2016,0.0722429451114164,0.00378048425162425,0.00327269962472054,-0.019136563876652,0.0203027123827856,,,,1.61%,-5.19%
3/31/2016,0.0380361056036733,0.0319225251076041,0.00161617059084862,0.0471141657121039,0.0545721593412951,,,,3.47%,1.65%
4/29/2016,-0.00297029702970286,0.00372521899492861,0.0498545872803615,0.0300517722023099,0.00771014262518455,,,,1.77%,1.07%
5/31/2016,-0.0357915649384845,-0.0365183246073298,-0.0499379572433661,-0.0429543023078097,-0.0261251200486431,,,,-3.83%,0.97%
6/30/2016,-0.090565597026717,0.0134919824328466,0.00592216582064298,-0.00801171503330145,0.028580836375115,,,,-1.01%,11.91%
7/29/2016,-0.00896924722656534,0.00202082688937,0.00254378240876618,0.0037846535973689,0.0046543668425822,,,,0.08%,1.36%
8/31/2016,-0.0170503157465879,-0.0109517895449927,-0.00370670386871275,-0.00317391916204013,-0.00162052931996719,,,,-0.73%,1.54%
9/30/2016,0.0110275172627023,0.000350823672971234,0.0190037792447431,0.00754691530877172,0.0138719723465399,,,,1.04%,0.28%
10/31/2016,-0.0218977364591754,-0.036829321725547,-0.0262790876775662,-0.025281461833186,-0.027167639429894,,,,-2.75%,-0.53%
11/30/2016,-0.0297642436149311,-0.0324574780058651,-0.0354027356113462,-0.0356349974383787,-0.0200889968367895,,,,-3.07%,0.97%
12/30/2016,-0.0265953986784895,-0.00801491014229827,-0.00858921620877717,-0.00228857676063254,-0.013768040371734,,,,-1.19%,1.28%
1/31/2017,0.0246742753257247,0.0286620657965662,0.0198472065176423,0.0417486193198335,0.0320905351453605,,,,2.94%,0.74%
2/28/2017,0.00638143712039208,-0.0173301406764441,-0.0174954597591281,-0.0182138928964246,-0.010091791596477,,,,-1.13%,-1.65%
3/31/2017,-0.000499850044986316,0.00382381691679612,0.00647004993016198,0.00447370489739796,-0.0133229599548432,,,,0.02%,-1.28%
4/28/2017,0.0172526442237262,0.0169768832611827,-0.00201262825572224,0.00505080994063789,-0.00570355798507249,,,,0.63%,-2.30%
5/31/2017,0.0154828232058608,0.00517395505070128,0.029277755970893,0.0294683143087415,0.0119959068090773,,,,1.83%,-0.35%
6/30/2017,0.00742672368832809,0.013039876029888,0.0125620647006441,-0.0177619229776975,0.0221371758408502,,,,0.75%,1.47%
7/31/2017,-0.0103933747412008,0.0159614931807068,0.0596639187529282,0.0333688072811602,0.0299774722944624,,,,2.57%,4.04%
8/31/2017,0.0014140153878146,-0.0236881377502707,0.00128611234649689,0.0146171842863019,-0.00838224185061236,,,,-0.30%,-0.98%
9/29/2017,-0.0102960899618281,-0.0249256817314603,-0.00979527758836685,-0.00922724009819853,0.00221186620612408,,,,-1.04%,1.25%
10/31/2017,-0.0307676869041647,-0.0166471020957568,-0.0165195699574463,-0.0121866787764189,-0.0299721494294598,,,,-2.12%,0.08%
11/30/2017,0.0188241872354022,0.00926897827749995,0.00929666091545722,0.018505478630598,-0.00320209078723412,,,,1.05%,-2.20%
12/29/2017,-0.00777450127014012,0.00455665024630547,0.00555770908033715,-0.0017259946597431,0.0218792250809854,,,,0.45%,2.97%
1/31/2018,0.0443680876194568,0.0370299760151558,0.0290080527086383,0.0310125098768936,0.0385367841058782,,,,3.60%,-0.58%
2/28/2018,-0.0161064574276322,-0.0272211720226843,-0.022156435026488,-0.021592561810083,-0.0230165390246275,,,,-2.20%,-0.69%
3/30/2018,0.00167920978363134,0.00401068636828406,0.00523060688757271,-0.0152205728622202,-0.000557995431173097,,,,-0.10%,-0.22%
4/30/2018,-0.0182364111469981,-0.0191349825368217,-0.0278787934303694,-0.0204369274136715,-0.0182285751667949,,,,-2.08%,0.00%
5/31/2018,0.00310817673946162,-0.0368292488456883,-0.0365823478737567,-0.0239913623775422,-0.0101314913858209,,,,-2.09%,-1.32%
6/29/2018,-0.0113329300262148,-0.00341137018929427,-0.00243875393922488,-0.0103146918720227,-0.0186517570982079,,,,-0.92%,-0.73%
7/31/2018,-7.85237534350891E-06,-0.000280972032529414,-0.0123013816153997,-0.0076076106355305,0.00375767346589218,,,,-0.33%,0.38%
8/31/2018,-0.0113751303238255,0.0176737471643638,-0.011339224295589,-0.030228676347855,-0.0143860421318865,,,,-0.99%,-0.30%
9/28/2018,0.000856192438382974,-0.00465934750447705,-0.00431275954081467,-0.0125448028673835,0.00176484799092089,,,,-0.38%,0.09%
10/31/2018,-0.0294270083501295,-0.0285105722531273,-0.0344239539956374,-0.0180124695863747,-0.0196273443916707,,,,-2.60%,0.98%
11/30/2018,-0.0225724595506926,0.00419545409031752,-0.0038590476768352,-0.00345094374760224,0.0115433311302562,,,,-0.28%,3.41%
12/31/2018,0.00807198968945611,0.0315025160443407,0.00808342175804255,0.0123169243287224,-0.0198091196992233,,,,0.80%,-2.79%
1/31/2019,0.00573134876883508,0.0240719896683688,-0.00193573126773527,-0.0010005498972494,0.0240597734037729,,,,1.02%,1.83%
2/28/2019,-0.0101770113891049,-0.00873922629785529,-0.01100014104127,-0.0175915325124418,-0.0139025938920983,,,,-1.23%,-0.37%
3/29/2019,-0.00201888308557652,-0.0241962114616794,-0.0180069141740568,-0.0170222937476122,-0.00600794478619129,,,,-1.35%,-0.40%
4/30/2019,-0.00819842966742723,-0.000972904234048722,-0.00414444728184948,-0.00390513513249557,-0.0127469310551146,,,,-0.60%,-0.45%
5/31/2019,0.0145966453674122,0.0234303300591565,-0.00753033654133528,-0.00699684027685499,-0.0183770043626342,,,,0.10%,-3.30%
6/28/2019,0.00417180416624174,0.0234397320905833,0.0167645716024958,0.0311574286150558,0.0171702557782416,,,,1.85%,1.30%
7/31/2019,-0.0258032786885245,-0.0255954786757145,-0.0183516816483184,-0.0414859321196339,-0.0177164623133236,,,,-2.58%,0.81%
8/30/2019,-0.00747979151202716,-0.0146530131133047,-0.0160275571479783,-0.00358404846037352,-0.0212990025569227,,,,-1.26%,-1.38%
9/30/2019,-0.0133603061462958,-0.0124501827532041,-0.0208981720340629,-0.0115931863727454,0.000527029862661688,,,,-1.16%,1.39%
10/31/2019,0.0494277469766233,0.00734623568750648,-0.00186354378818732,0.0192564290085224,0.0103544164469321,,,,1.69%,-3.91%
11/29/2019,-0.014438676184296,-0.0145660626530483,-0.000402833659646662,-0.0160051984404678,-0.0103111687157931,,,,-1.11%,0.41%
12/31/2019,0.0301984291029351,0.0149022140775679,0.0152554620820002,0.00457117619455105,0.036496250715306,,,,2.03%,0.63%
1/31/2020,-0.014411795244523,-0.0148060309129594,-0.000405470161082167,0.00130610552503363,-0.0321404537622235,,,,-1.21%,-1.77%
2/28/2020,0.000961787444974549,-0.00575532134738577,-0.00947376168396275,-0.00936887798634623,-0.0282357613068177,,,,-1.04%,-2.92%
3/31/2020,-0.00084516188885797,0.000103594737387303,-0.0302978164299568,-0.0016694613596917,-0.0509148017763973,,,,-1.67%,-5.01%
4/30/2020,0.0661535482869469,-0.00445988740323711,-0.00465676805453463,0.0139065697665048,0.0170876258217739,,,,1.76%,-4.91%
5/29/2020,0.0499686745750525,0.0135184386652778,0.00172028429582949,0.00511725535610874,-0.0011952512468129,,,,1.38%,-5.12%
6/30/2020,0.00156937613253949,0.00992390617237304,0.0101766773789587,0.0130186886284447,0.0197334593193481,,,,1.09%,1.82%
7/31/2020,0.0373973052908314,0.0185966105537607,0.0154138702460851,0.0491903329478673,0.0471854457032506,,,,3.36%,0.98%
8/31/2020,0.00732328827830719,0.0126266523545526,0.0299412575063662,0.00924053162374761,0.0188842188320785,,,,1.56%,1.16%
9/30/2020,-0.0719577002448595,-0.0243545237578651,-0.0209928445600559,-0.0209888397424798,-0.0212379977914272,,,,-3.19%,5.07%
10/30/2020,0.0019751200349194,0.00146147957408305,-0.00803160109760503,-0.00792317677786636,-0.00566660008159288,,,,-0.36%,-0.76%
11/30/2020,0.0258611975494916,0.0255235433930752,0.0107087657319498,0.00172574134972159,0.0493883229045123,,,,2.26%,2.35%
12/31/2020,0.0455584443080701,0.0203440856567267,0.0214035484235509,0.0207795407509608,0.0199626821906942,,,,2.56%,-2.56%
1/29/2021,0.00309718969555051,-0.00717758581560823,-0.00816853932584261,-0.00853994514830547,-0.00415853599831026,,,,-0.50%,-0.73%
2/26/2021,-0.00605726691903008,0.00624086280468905,-0.0234395604395604,-0.00631852513603504,-0.000988830617038672,,,,-0.61%,0.51%
3/31/2021,-0.0414326586839038,-0.0337994620000234,-0.0337968150755196,0.00657706378240808,-0.0198270453459093,,,,-2.45%,2.16%
4/30/2021,0.0301642935377875,0.010255941164633,0.0224764337801349,0.0222903897267224,0.0171983257182677,,,,2.05%,-1.30%
5/31/2021,0.00190835488171004,0.0257706276942182,0.0136277672711091,0.0149450084119453,0.00906565186430786,,,,1.31%,0.72%
