location,name,freq,weighting,direction,n_stocks,n_stocks_min,date,ret
usa,ni_be,monthly,vw_cap,1,12,5,1950-11-30,-0.0757832797422634
usa,ni_be,monthly,vw_cap,1,15,6,1950-12-31,-0.0179911126871189
usa,ni_be,monthly,vw_cap,1,20,9,1951-01-31,-0.00134029221055811
usa,ni_be,monthly,vw_cap,1,29,13,1951-02-28,0.015822820716039
usa,ni_be,monthly,vw_cap,1,39,18,1951-03-31,-0.0122611119454514
usa,ni_be,monthly,vw_cap,1,44,20,1951-04-30,-0.00781349495605943
usa,ni_be,monthly,vw_cap,1,206,95,1951-05-31,-0.0112303128215133
usa,ni_be,monthly,vw_cap,1,214,98,1951-06-30,0.00492418187487526
usa,ni_be,monthly,vw_cap,1,219,101,1951-07-31,-0.00597848971803859
usa,ni_be,monthly,vw_cap,1,222,103,1951-08-31,-0.00724790763940667
usa,ni_be,monthly,vw_cap,1,226,106,1951-09-30,-0.00625087359463607
usa,ni_be,monthly,vw_cap,1,228,106,1951-10-31,-0.0108855875719351
usa,ni_be,monthly,vw_cap,1,229,107,1951-11-30,-0.000354651124774666
usa,ni_be,monthly,vw_cap,1,230,107,1951-12-31,0.0129261176335769
usa,ni_be,monthly,vw_cap,1,231,107,1952-01-31,-0.0128799991603406
usa,ni_be,monthly,vw_cap,1,228,106,1952-02-29,0.00735760761004951
usa,ni_be,monthly,vw_cap,1,229,107,1952-03-31,0.00810433053172755
usa,ni_be,monthly,vw_cap,1,229,107,1952-04-30,-0.00334642972847777
usa,ni_be,monthly,vw_cap,1,237,109,1952-05-31,0.00154892448080035
usa,ni_be,monthly,vw_cap,1,239,110,1952-06-30,0.0158474588672347
usa,ni_be,monthly,vw_cap,1,239,110,1952-07-31,0.00626802630873665
usa,ni_be,monthly,vw_cap,1,239,109,1952-08-31,-0.00964416699146598
usa,ni_be,monthly,vw_cap,1,239,109,1952-09-30,0.012138586362352
usa,ni_be,monthly,vw_cap,1,240,109,1952-10-31,0.00744719750159638
usa,ni_be,monthly,vw_cap,1,240,110,1952-11-30,0.0121608546412209
usa,ni_be,monthly,vw_cap,1,240,109,1952-12-31,-0.00125867045751765
usa,ni_be,monthly,vw_cap,1,240,109,1953-01-31,-0.0143206096330919
usa,ni_be,monthly,vw_cap,1,240,110,1953-02-28,-0.0104653179101571
usa,ni_be,monthly,vw_cap,1,242,109,1953-03-31,-0.0151830508851184
usa,ni_be,monthly,vw_cap,1,242,111,1953-04-30,-0.0162928310852935
usa,ni_be,monthly,vw_cap,1,242,112,1953-05-31,0.0121517168879493
usa,ni_be,monthly,vw_cap,1,242,112,1953-06-30,-0.0025956400156946
usa,ni_be,monthly,vw_cap,1,242,113,1953-07-31,-0.0017535070313552
usa,ni_be,monthly,vw_cap,1,241,114,1953-08-31,-0.00421748966179359
usa,ni_be,monthly,vw_cap,1,241,114,1953-09-30,0.0241171483301729
usa,ni_be,monthly,vw_cap,1,241,113,1953-10-31,0.0179921835304585
usa,ni_be,monthly,vw_cap,1,242,114,1953-11-30,0.0115509405472545
usa,ni_be,monthly,vw_cap,1,241,113,1953-12-31,0.0212831542407511
usa,ni_be,monthly,vw_cap,1,242,112,1954-01-31,-0.00919564800814399
usa,ni_be,monthly,vw_cap,1,240,112,1954-02-28,0.00643385376600681
usa,ni_be,monthly,vw_cap,1,241,112,1954-03-31,0.0407016981777124
usa,ni_be,monthly,vw_cap,1,240,112,1954-04-30,0.0218148987944725
usa,ni_be,monthly,vw_cap,1,239,113,1954-05-31,-0.00507438495468686
usa,ni_be,monthly,vw_cap,1,241,113,1954-06-30,0.0120842247422283
usa,ni_be,monthly,vw_cap,1,240,113,1954-07-31,0.00848349680749969
usa,ni_be,monthly,vw_cap,1,239,113,1954-08-31,-0.0108279921342109
usa,ni_be,monthly,vw_cap,1,237,113,1954-09-30,0.0209739318327045
usa,ni_be,monthly,vw_cap,1,237,113,1954-10-31,0.0207672290341914
usa,ni_be,monthly,vw_cap,1,236,112,1954-11-30,0.00394215004813198
usa,ni_be,monthly,vw_cap,1,237,113,1954-12-31,-0.010016738869232
usa,ni_be,monthly,vw_cap,1,238,113,1955-01-31,0.00691927969382903
usa,ni_be,monthly,vw_cap,1,240,113,1955-02-28,0.00874676059607413
usa,ni_be,monthly,vw_cap,1,238,113,1955-03-31,0.0107287800806204
usa,ni_be,monthly,vw_cap,1,238,114,1955-04-30,-0.00696927539291159
usa,ni_be,monthly,vw_cap,1,222,104,1955-05-31,0.0104031500218076
usa,ni_be,monthly,vw_cap,1,221,104,1955-06-30,-0.0204975957270754
usa,ni_be,monthly,vw_cap,1,222,104,1955-07-31,-0.0170096223849849
usa,ni_be,monthly,vw_cap,1,221,103,1955-08-31,0.0222998449852783
usa,ni_be,monthly,vw_cap,1,221,103,1955-09-30,0.000857662281029155
usa,ni_be,monthly,vw_cap,1,220,103,1955-10-31,0.00285583808386745
usa,ni_be,monthly,vw_cap,1,219,103,1955-11-30,0.0259943798231562
usa,ni_be,monthly,vw_cap,1,219,103,1955-12-31,0.0178543050378198
usa,ni_be,monthly,vw_cap,1,219,104,1956-01-31,-0.0227700555356424
usa,ni_be,monthly,vw_cap,1,220,104,1956-02-29,0.0226035640811766
usa,ni_be,monthly,vw_cap,1,222,104,1956-03-31,0.00881246889781489
usa,ni_be,monthly,vw_cap,1,221,104,1956-04-30,0.00724108468759898
usa,ni_be,monthly,vw_cap,1,225,104,1956-05-31,-0.00867665717572357
usa,ni_be,monthly,vw_cap,1,223,103,1956-06-30,0.028349610858299
usa,ni_be,monthly,vw_cap,1,225,102,1956-07-31,0.022638538906528
usa,ni_be,monthly,vw_cap,1,224,103,1956-08-31,0.0131077136270226
usa,ni_be,monthly,vw_cap,1,224,103,1956-09-30,-0.0116387926940338
usa,ni_be,monthly,vw_cap,1,224,103,1956-10-31,0.01122390263521
usa,ni_be,monthly,vw_cap,1,226,103,1956-11-30,-0.00801675250321953
usa,ni_be,monthly,vw_cap,1,225,104,1956-12-31,0.0161023222042329
usa,ni_be,monthly,vw_cap,1,227,103,1957-01-31,-0.0246209727926128
usa,ni_be,monthly,vw_cap,1,227,103,1957-02-28,-0.00760198417730312
usa,ni_be,monthly,vw_cap,1,227,103,1957-03-31,0.00297916609601785
usa,ni_be,monthly,vw_cap,1,226,103,1957-04-30,-0.00507810379067034
usa,ni_be,monthly,vw_cap,1,228,103,1957-05-31,0.0130809571301894
usa,ni_be,monthly,vw_cap,1,228,104,1957-06-30,0.0240105390994314
usa,ni_be,monthly,vw_cap,1,228,104,1957-07-31,-0.00787082102503739
usa,ni_be,monthly,vw_cap,1,228,104,1957-08-31,-0.0185770736206457
usa,ni_be,monthly,vw_cap,1,228,104,1957-09-30,-0.0048403801917825
usa,ni_be,monthly,vw_cap,1,228,104,1957-10-31,0.00533740323389915
usa,ni_be,monthly,vw_cap,1,229,105,1957-11-30,0.020139453627398
usa,ni_be,monthly,vw_cap,1,228,104,1957-12-31,0.00825889369582607
usa,ni_be,monthly,vw_cap,1,228,105,1958-01-31,-0.0345402912781194
usa,ni_be,monthly,vw_cap,1,229,104,1958-02-28,0.00498388151210869
usa,ni_be,monthly,vw_cap,1,228,105,1958-03-31,0.00777498472312673
usa,ni_be,monthly,vw_cap,1,227,105,1958-04-30,0.00656102788861794
usa,ni_be,monthly,vw_cap,1,228,106,1958-05-31,-0.00510298652599147
usa,ni_be,monthly,vw_cap,1,229,106,1958-06-30,0.00281370491053499
usa,ni_be,monthly,vw_cap,1,229,106,1958-07-31,0.01059153304424
usa,ni_be,monthly,vw_cap,1,230,106,1958-08-31,-0.0030691197629606
usa,ni_be,monthly,vw_cap,1,230,106,1958-09-30,-0.000963370706223328
usa,ni_be,monthly,vw_cap,1,231,108,1958-10-31,0.00973727353310769
usa,ni_be,monthly,vw_cap,1,233,107,1958-11-30,0.0164105535491898
usa,ni_be,monthly,vw_cap,1,232,107,1958-12-31,0.00394466539415834
usa,ni_be,monthly,vw_cap,1,233,107,1959-01-31,-0.0293460571380436
usa,ni_be,monthly,vw_cap,1,232,106,1959-02-28,-0.000905875935305528
usa,ni_be,monthly,vw_cap,1,233,106,1959-03-31,0.0102689553954283
usa,ni_be,monthly,vw_cap,1,231,105,1959-04-30,0.0343569304795346
usa,ni_be,monthly,vw_cap,1,239,108,1959-05-31,-0.0179846449540719
usa,ni_be,monthly,vw_cap,1,237,107,1959-06-30,-0.00440452573181946
usa,ni_be,monthly,vw_cap,1,236,107,1959-07-31,-0.00685196843421827
usa,ni_be,monthly,vw_cap,1,236,106,1959-08-31,-0.00136194679679979
usa,ni_be,monthly,vw_cap,1,235,106,1959-09-30,0.0087618247839018
usa,ni_be,monthly,vw_cap,1,237,107,1959-10-31,0.0183476258068841
usa,ni_be,monthly,vw_cap,1,238,107,1959-11-30,0.0204710362785852
usa,ni_be,monthly,vw_cap,1,237,106,1959-12-31,-0.0143643427557377
usa,ni_be,monthly,vw_cap,1,237,106,1960-01-31,0.0159674178766306
usa,ni_be,monthly,vw_cap,1,236,107,1960-02-29,0.0255697820460002
usa,ni_be,monthly,vw_cap,1,238,109,1960-03-31,0.031504025892867
usa,ni_be,monthly,vw_cap,1,239,108,1960-04-30,0.0273579983551621
usa,ni_be,monthly,vw_cap,1,239,108,1960-05-31,0.0320260393891852
usa,ni_be,monthly,vw_cap,1,240,108,1960-06-30,0.00463211504071273
usa,ni_be,monthly,vw_cap,1,239,108,1960-07-31,-0.00803109731280238
usa,ni_be,monthly,vw_cap,1,240,109,1960-08-31,-0.0114239880523679
usa,ni_be,monthly,vw_cap,1,241,110,1960-09-30,-0.00399131272031861
usa,ni_be,monthly,vw_cap,1,245,110,1960-10-31,0.0053690248311477
usa,ni_be,monthly,vw_cap,1,246,109,1960-11-30,0.0392254620524628
usa,ni_be,monthly,vw_cap,1,247,109,1960-12-31,-0.0100039014896704
usa,ni_be,monthly,vw_cap,1,251,111,1961-01-31,-0.0275135812716583
usa,ni_be,monthly,vw_cap,1,252,112,1961-02-28,0.00647204481534048
usa,ni_be,monthly,vw_cap,1,256,113,1961-03-31,-0.00302884721141976
usa,ni_be,monthly,vw_cap,1,257,111,1961-04-30,-0.0077239474574961
usa,ni_be,monthly,vw_cap,1,294,125,1961-05-31,-0.00242860338420621
usa,ni_be,monthly,vw_cap,1,296,124,1961-06-30,0.0194139851461712
usa,ni_be,monthly,vw_cap,1,296,126,1961-07-31,0.00427911119282579
usa,ni_be,monthly,vw_cap,1,298,126,1961-08-31,0.0309748516874669
usa,ni_be,monthly,vw_cap,1,299,126,1961-09-30,0.0375208068845434
usa,ni_be,monthly,vw_cap,1,299,126,1961-10-31,0.0175728373757685
usa,ni_be,monthly,vw_cap,1,305,128,1961-11-30,0.0119153450770626
usa,ni_be,monthly,vw_cap,1,305,128,1961-12-31,-0.0412844234301381
usa,ni_be,monthly,vw_cap,1,304,128,1962-01-31,-0.0448046606843309
usa,ni_be,monthly,vw_cap,1,412,182,1962-02-28,0.0039418885160454
usa,ni_be,monthly,vw_cap,1,445,197,1962-03-31,-0.000356693482047003
usa,ni_be,monthly,vw_cap,1,446,198,1962-04-30,0.00248882272559389
usa,ni_be,monthly,vw_cap,1,545,246,1962-05-31,-0.0382536122342642
usa,ni_be,monthly,vw_cap,1,550,252,1962-06-30,-0.00899815995321517
usa,ni_be,monthly,vw_cap,1,552,252,1962-07-31,0.0302554182788038
usa,ni_be,monthly,vw_cap,1,673,293,1962-08-31,0.00438074921566953
usa,ni_be,monthly,vw_cap,1,670,289,1962-09-30,0.0073526590606612
usa,ni_be,monthly,vw_cap,1,674,292,1962-10-31,-0.00378399113479372
usa,ni_be,monthly,vw_cap,1,684,300,1962-11-30,-0.00940825818046195
usa,ni_be,monthly,vw_cap,1,693,299,1962-12-31,0.0193916081403091
usa,ni_be,monthly,vw_cap,1,703,306,1963-01-31,-0.0183417305850978
usa,ni_be,monthly,vw_cap,1,709,310,1963-02-28,-0.000431758186724907
usa,ni_be,monthly,vw_cap,1,717,313,1963-03-31,-0.00914115463883022
usa,ni_be,monthly,vw_cap,1,719,317,1963-04-30,-0.00872789569435968
usa,ni_be,monthly,vw_cap,1,782,342,1963-05-31,-0.0170458463096776
usa,ni_be,monthly,vw_cap,1,788,347,1963-06-30,0.00959995403718729
usa,ni_be,monthly,vw_cap,1,795,354,1963-07-31,0.0052676440227031
usa,ni_be,monthly,vw_cap,1,797,354,1963-08-31,-0.0010402410338917
usa,ni_be,monthly,vw_cap,1,806,357,1963-09-30,-0.0173781469524182
usa,ni_be,monthly,vw_cap,1,804,354,1963-10-31,-0.00409316732921026
usa,ni_be,monthly,vw_cap,1,805,353,1963-11-30,-0.00402564653729293
usa,ni_be,monthly,vw_cap,1,806,353,1963-12-31,-0.00245659862136727
usa,ni_be,monthly,vw_cap,1,810,353,1964-01-31,-0.0103711336390921
usa,ni_be,monthly,vw_cap,1,820,359,1964-02-29,-0.00888973521978089
usa,ni_be,monthly,vw_cap,1,824,364,1964-03-31,-0.0349288190958689
usa,ni_be,monthly,vw_cap,1,830,367,1964-04-30,-0.00409953107590734
usa,ni_be,monthly,vw_cap,1,838,369,1964-05-31,0.00479511215755021
usa,ni_be,monthly,vw_cap,1,839,373,1964-06-30,-0.00302099874944074
usa,ni_be,monthly,vw_cap,1,843,372,1964-07-31,0.0077900737411536
usa,ni_be,monthly,vw_cap,1,850,376,1964-08-31,-0.0101414394459284
usa,ni_be,monthly,vw_cap,1,851,376,1964-09-30,-0.0107396628522097
usa,ni_be,monthly,vw_cap,1,856,380,1964-10-31,-0.0107070074944411
usa,ni_be,monthly,vw_cap,1,865,385,1964-11-30,0.0147747636349577
usa,ni_be,monthly,vw_cap,1,865,389,1964-12-31,0.0222361502299324
usa,ni_be,monthly,vw_cap,1,869,386,1965-01-31,0.00315329717519813
usa,ni_be,monthly,vw_cap,1,887,399,1965-02-28,0.00139382430794033
usa,ni_be,monthly,vw_cap,1,912,408,1965-03-31,-0.00771987417273699
usa,ni_be,monthly,vw_cap,1,912,409,1965-04-30,-0.0067644537691647
usa,ni_be,monthly,vw_cap,1,936,422,1965-05-31,0.00305472834996424
usa,ni_be,monthly,vw_cap,1,941,424,1965-06-30,-0.00210368717192504
usa,ni_be,monthly,vw_cap,1,949,430,1965-07-31,-0.00413074881133791
usa,ni_be,monthly,vw_cap,1,952,431,1965-08-31,0.00756490666948535
usa,ni_be,monthly,vw_cap,1,958,434,1965-09-30,0.00560677157467214
usa,ni_be,monthly,vw_cap,1,963,440,1965-10-31,0.00633240298644523
usa,ni_be,monthly,vw_cap,1,977,455,1965-11-30,0.0175767923742305
usa,ni_be,monthly,vw_cap,1,984,457,1965-12-31,-0.0142906023693889
usa,ni_be,monthly,vw_cap,1,992,456,1966-01-31,-0.01331345167117
usa,ni_be,monthly,vw_cap,1,1153,533,1966-02-28,-0.00316709441658552
usa,ni_be,monthly,vw_cap,1,1161,545,1966-03-31,0.00962605620576419
usa,ni_be,monthly,vw_cap,1,1160,545,1966-04-30,0.00263957607771175
usa,ni_be,monthly,vw_cap,1,1218,570,1966-05-31,0.00117657633807254
usa,ni_be,monthly,vw_cap,1,1237,579,1966-06-30,-0.00402158074683558
usa,ni_be,monthly,vw_cap,1,1246,586,1966-07-31,0.00377891504262595
usa,ni_be,monthly,vw_cap,1,1257,591,1966-08-31,-0.01155898556855
usa,ni_be,monthly,vw_cap,1,1264,598,1966-09-30,-0.00579277084378765
usa,ni_be,monthly,vw_cap,1,1268,603,1966-10-31,-0.0267835146689844
usa,ni_be,monthly,vw_cap,1,1269,610,1966-11-30,0.0365716200748377
usa,ni_be,monthly,vw_cap,1,1273,609,1966-12-31,-0.00206696324730486
usa,ni_be,monthly,vw_cap,1,1271,602,1967-01-31,-0.00379730461104262
usa,ni_be,monthly,vw_cap,1,1287,601,1967-02-28,0.0111981952038637
usa,ni_be,monthly,vw_cap,1,1294,600,1967-03-31,0.0175869883887428
usa,ni_be,monthly,vw_cap,1,1298,601,1967-04-30,0.0228553646042176
usa,ni_be,monthly,vw_cap,1,1323,610,1967-05-31,0.00516040028363399
usa,ni_be,monthly,vw_cap,1,1316,608,1967-06-30,0.0247923266413066
usa,ni_be,monthly,vw_cap,1,1321,612,1967-07-31,-0.00295591750396646
usa,ni_be,monthly,vw_cap,1,1323,608,1967-08-31,-0.00998010730439515
usa,ni_be,monthly,vw_cap,1,1324,615,1967-09-30,0.011370884964095
usa,ni_be,monthly,vw_cap,1,1324,615,1967-10-31,0.0149639672288724
usa,ni_be,monthly,vw_cap,1,1321,604,1967-11-30,0.0103743664828466
usa,ni_be,monthly,vw_cap,1,1331,612,1967-12-31,0.0000925770397514555
usa,ni_be,monthly,vw_cap,1,1332,609,1968-01-31,-0.0369748926047331
usa,ni_be,monthly,vw_cap,1,1472,698,1968-02-29,-0.0234149984833442
usa,ni_be,monthly,vw_cap,1,1480,701,1968-03-31,0.0143689544402828
usa,ni_be,monthly,vw_cap,1,1484,706,1968-04-30,0.0386767049018226
usa,ni_be,monthly,vw_cap,1,1508,701,1968-05-31,0.0118369871416123
usa,ni_be,monthly,vw_cap,1,1518,705,1968-06-30,-0.00258228384449687
usa,ni_be,monthly,vw_cap,1,1527,706,1968-07-31,-0.0270773172232767
usa,ni_be,monthly,vw_cap,1,1513,706,1968-08-31,-0.0063885681027272
usa,ni_be,monthly,vw_cap,1,1521,709,1968-09-30,-0.0120552214791841
usa,ni_be,monthly,vw_cap,1,1522,705,1968-10-31,-0.0046333892385591
usa,ni_be,monthly,vw_cap,1,1534,707,1968-11-30,0.00247975828701993
usa,ni_be,monthly,vw_cap,1,1536,707,1968-12-31,-0.00285014895256425
usa,ni_be,monthly,vw_cap,1,1545,709,1969-01-31,-0.0136345765307395
usa,ni_be,monthly,vw_cap,1,1541,700,1969-02-28,0.00341700999883844
usa,ni_be,monthly,vw_cap,1,1571,696,1969-03-31,-0.014179975696263
usa,ni_be,monthly,vw_cap,1,1574,699,1969-04-30,0.00679967347156413
usa,ni_be,monthly,vw_cap,1,1603,694,1969-05-31,0.00899736470121924
usa,ni_be,monthly,vw_cap,1,1607,690,1969-06-30,0.0139300257009252
usa,ni_be,monthly,vw_cap,1,1623,692,1969-07-31,0.00674791059926212
usa,ni_be,monthly,vw_cap,1,1623,689,1969-08-31,0.0271004069159761
usa,ni_be,monthly,vw_cap,1,1622,688,1969-09-30,0.0290131776406536
usa,ni_be,monthly,vw_cap,1,1631,677,1969-10-31,0.0129202619337615
usa,ni_be,monthly,vw_cap,1,1642,672,1969-11-30,0.0179806657886403
usa,ni_be,monthly,vw_cap,1,1651,669,1969-12-31,0.0128492384713743
usa,ni_be,monthly,vw_cap,1,1664,682,1970-01-31,-0.00858779721499832
usa,ni_be,monthly,vw_cap,1,1658,666,1970-02-28,-0.0288601138590316
usa,ni_be,monthly,vw_cap,1,1663,674,1970-03-31,-0.0118518891977925
usa,ni_be,monthly,vw_cap,1,1669,676,1970-04-30,-0.0238176980331086
usa,ni_be,monthly,vw_cap,1,1758,698,1970-05-31,-0.0188296982587751
usa,ni_be,monthly,vw_cap,1,1770,696,1970-06-30,0.0284897487285447
usa,ni_be,monthly,vw_cap,1,1771,688,1970-07-31,0.00123036123889683
usa,ni_be,monthly,vw_cap,1,1751,678,1970-08-31,-0.00465217897692891
usa,ni_be,monthly,vw_cap,1,1765,682,1970-09-30,0.0304746150640562
usa,ni_be,monthly,vw_cap,1,1802,689,1970-10-31,0.0181377612708023
usa,ni_be,monthly,vw_cap,1,1811,685,1970-11-30,0.00492294336823667
usa,ni_be,monthly,vw_cap,1,1837,690,1970-12-31,-0.00734020726381562
usa,ni_be,monthly,vw_cap,1,1844,686,1971-01-31,-0.0276535452473562
usa,ni_be,monthly,vw_cap,1,1854,695,1971-02-28,0.018294360853023
usa,ni_be,monthly,vw_cap,1,1856,685,1971-03-31,0.0158832936916025
usa,ni_be,monthly,vw_cap,1,1856,684,1971-04-30,-0.00950393329501863
usa,ni_be,monthly,vw_cap,1,1924,701,1971-05-31,0.0107873598720639
usa,ni_be,monthly,vw_cap,1,1935,696,1971-06-30,0.0286636150952978
usa,ni_be,monthly,vw_cap,1,1945,690,1971-07-31,0.0126282695088151
usa,ni_be,monthly,vw_cap,1,1953,685,1971-08-31,-0.0207009650146555
usa,ni_be,monthly,vw_cap,1,1960,695,1971-09-30,0.0223832643817944
usa,ni_be,monthly,vw_cap,1,1966,700,1971-10-31,0.0136108426997462
usa,ni_be,monthly,vw_cap,1,1985,716,1971-11-30,0.0224575426459333
usa,ni_be,monthly,vw_cap,1,1986,714,1971-12-31,-0.00284139466842211
usa,ni_be,monthly,vw_cap,1,1984,713,1972-01-31,-0.0206160822057056
usa,ni_be,monthly,vw_cap,1,2007,735,1972-02-29,0.0163712002580903
usa,ni_be,monthly,vw_cap,1,2016,743,1972-03-31,0.0165321895612687
usa,ni_be,monthly,vw_cap,1,2017,739,1972-04-30,-0.00587652768558588
usa,ni_be,monthly,vw_cap,1,2039,754,1972-05-31,0.0324979919423408
usa,ni_be,monthly,vw_cap,1,2043,759,1972-06-30,0.0246523116840428
usa,ni_be,monthly,vw_cap,1,2040,764,1972-07-31,0.000653254732108068
usa,ni_be,monthly,vw_cap,1,2064,775,1972-08-31,-0.0242374661573202
usa,ni_be,monthly,vw_cap,1,2071,787,1972-09-30,0.0182517898856116
usa,ni_be,monthly,vw_cap,1,2080,788,1972-10-31,0.00432917837174326
usa,ni_be,monthly,vw_cap,1,2101,801,1972-11-30,-0.0276505691663374
usa,ni_be,monthly,vw_cap,1,2101,801,1972-12-31,0.0311472994040728
usa,ni_be,monthly,vw_cap,1,2623,982,1973-01-31,-0.00414297176947085
usa,ni_be,monthly,vw_cap,1,2626,1006,1973-02-28,-0.00245636398265602
usa,ni_be,monthly,vw_cap,1,2635,1011,1973-03-31,-0.0171576923690196
usa,ni_be,monthly,vw_cap,1,2632,1021,1973-04-30,-0.0206184912842003
usa,ni_be,monthly,vw_cap,1,2709,1092,1973-05-31,0.011356912330961
usa,ni_be,monthly,vw_cap,1,2696,1095,1973-06-30,0.00147390345235903
usa,ni_be,monthly,vw_cap,1,2682,1104,1973-07-31,0.0147441528621143
usa,ni_be,monthly,vw_cap,1,2712,1090,1973-08-31,-0.00196565715711633
usa,ni_be,monthly,vw_cap,1,2695,1085,1973-09-30,-0.0157400363800325
usa,ni_be,monthly,vw_cap,1,2704,1097,1973-10-31,-0.0428179321510058
usa,ni_be,monthly,vw_cap,1,2708,1097,1973-11-30,-0.0348771774065238
usa,ni_be,monthly,vw_cap,1,2690,1108,1973-12-31,-0.0208437756026666
usa,ni_be,monthly,vw_cap,1,2691,1119,1974-01-31,-0.0431856681053737
usa,ni_be,monthly,vw_cap,1,2683,1116,1974-02-28,-0.0137020765931521
usa,ni_be,monthly,vw_cap,1,2704,1121,1974-03-31,0.0138606979996497
usa,ni_be,monthly,vw_cap,1,2683,1107,1974-04-30,0.00674300821821887
usa,ni_be,monthly,vw_cap,1,2706,1120,1974-05-31,0.0280917815972712
usa,ni_be,monthly,vw_cap,1,2717,1120,1974-06-30,0.0105015568849583
usa,ni_be,monthly,vw_cap,1,2738,1126,1974-07-31,-0.0318729772205647
usa,ni_be,monthly,vw_cap,1,2756,1121,1974-08-31,-0.0240275116348487
usa,ni_be,monthly,vw_cap,1,2747,1125,1974-09-30,-0.04550292515614
usa,ni_be,monthly,vw_cap,1,2762,1127,1974-10-31,0.0509463089299948
usa,ni_be,monthly,vw_cap,1,2762,1110,1974-11-30,-0.00670852099637113
usa,ni_be,monthly,vw_cap,1,2748,1099,1974-12-31,0.000687093854549792
usa,ni_be,monthly,vw_cap,1,2773,1111,1975-01-31,-0.0824725084475493
usa,ni_be,monthly,vw_cap,1,2786,1091,1975-02-28,0.0342145900035323
usa,ni_be,monthly,vw_cap,1,2796,1086,1975-03-31,0.00779851929187739
usa,ni_be,monthly,vw_cap,1,2804,1078,1975-04-30,0.0340489242070038
usa,ni_be,monthly,vw_cap,1,2913,1081,1975-05-31,0.000423102243169902
usa,ni_be,monthly,vw_cap,1,2906,1081,1975-06-30,-0.0246566663805281
usa,ni_be,monthly,vw_cap,1,2905,1089,1975-07-31,-0.00364582354557902
usa,ni_be,monthly,vw_cap,1,2955,1102,1975-08-31,0.0117139670992871
usa,ni_be,monthly,vw_cap,1,2963,1102,1975-09-30,0.00611863549102837
usa,ni_be,monthly,vw_cap,1,2972,1101,1975-10-31,-0.0229011744089334
usa,ni_be,monthly,vw_cap,1,2977,1098,1975-11-30,-0.0184496817110454
usa,ni_be,monthly,vw_cap,1,2967,1081,1975-12-31,-0.0100394285797612
usa,ni_be,monthly,vw_cap,1,2906,1059,1976-01-31,-0.0434115065125939
usa,ni_be,monthly,vw_cap,1,2883,1060,1976-02-29,-0.0352428257217695
usa,ni_be,monthly,vw_cap,1,2889,1050,1976-03-31,-0.00627087629458639
usa,ni_be,monthly,vw_cap,1,2875,1041,1976-04-30,-0.00401211185462955
usa,ni_be,monthly,vw_cap,1,2898,1060,1976-05-31,0.0212465433888556
usa,ni_be,monthly,vw_cap,1,2919,1060,1976-06-30,-0.00272043329220419
usa,ni_be,monthly,vw_cap,1,2924,1065,1976-07-31,-0.020277420260448
usa,ni_be,monthly,vw_cap,1,2740,1050,1976-08-31,-0.00604044906650837
usa,ni_be,monthly,vw_cap,1,2746,1057,1976-09-30,0.00113963119578792
usa,ni_be,monthly,vw_cap,1,2910,1091,1976-10-31,-0.00214098197850797
usa,ni_be,monthly,vw_cap,1,2894,1103,1976-11-30,-0.0033442294245861
usa,ni_be,monthly,vw_cap,1,2904,1112,1976-12-31,-0.0176124658419979
usa,ni_be,monthly,vw_cap,1,2856,1116,1977-01-31,-0.0228307035728291
usa,ni_be,monthly,vw_cap,1,2885,1124,1977-02-28,0.000146339100041464
usa,ni_be,monthly,vw_cap,1,2910,1128,1977-03-31,-0.0053590838984095
usa,ni_be,monthly,vw_cap,1,2904,1125,1977-04-30,-0.0168196637689179
usa,ni_be,monthly,vw_cap,1,2896,1130,1977-05-31,0.00127774139230182
usa,ni_be,monthly,vw_cap,1,2904,1139,1977-06-30,0.0189282805842565
usa,ni_be,monthly,vw_cap,1,2912,1144,1977-07-31,-0.00331145029769411
usa,ni_be,monthly,vw_cap,1,2915,1150,1977-08-31,0.021410890695036
usa,ni_be,monthly,vw_cap,1,2919,1144,1977-09-30,0.00944479349379879
usa,ni_be,monthly,vw_cap,1,2913,1143,1977-10-31,0.00589126138202438
usa,ni_be,monthly,vw_cap,1,2943,1156,1977-11-30,0.00793300454516698
usa,ni_be,monthly,vw_cap,1,2947,1153,1977-12-31,0.00167936344493776
usa,ni_be,monthly,vw_cap,1,2927,1159,1978-01-31,-0.0270855877790448
usa,ni_be,monthly,vw_cap,1,2930,1164,1978-02-28,0.01164656108957
usa,ni_be,monthly,vw_cap,1,2924,1166,1978-03-31,0.000855887970093124
usa,ni_be,monthly,vw_cap,1,2900,1152,1978-04-30,0.0343124257783253
usa,ni_be,monthly,vw_cap,1,2953,1162,1978-05-31,0.0141341924493783
usa,ni_be,monthly,vw_cap,1,2928,1150,1978-06-30,0.00563234174342304
usa,ni_be,monthly,vw_cap,1,2907,1145,1978-07-31,0.013202212067263
usa,ni_be,monthly,vw_cap,1,2906,1160,1978-08-31,0.0186887118421899
usa,ni_be,monthly,vw_cap,1,2885,1146,1978-09-30,-0.0278997781083435
usa,ni_be,monthly,vw_cap,1,2891,1144,1978-10-31,-0.0128991075710383
usa,ni_be,monthly,vw_cap,1,2883,1145,1978-11-30,0.0116069497317064
usa,ni_be,monthly,vw_cap,1,2894,1158,1978-12-31,0.0165758876374536
usa,ni_be,monthly,vw_cap,1,2891,1155,1979-01-31,-0.019000267093952
usa,ni_be,monthly,vw_cap,1,2994,1182,1979-02-28,-0.0190634527264344
usa,ni_be,monthly,vw_cap,1,2982,1183,1979-03-31,0.00148731947860997
usa,ni_be,monthly,vw_cap,1,2963,1185,1979-04-30,0.00733744477683066
usa,ni_be,monthly,vw_cap,1,2994,1201,1979-05-31,-0.0113271792346012
usa,ni_be,monthly,vw_cap,1,2998,1198,1979-06-30,-0.0185844503996439
usa,ni_be,monthly,vw_cap,1,2993,1203,1979-07-31,0.00676076574648527
usa,ni_be,monthly,vw_cap,1,3031,1203,1979-08-31,0.0182906114629162
usa,ni_be,monthly,vw_cap,1,3033,1203,1979-09-30,0.00547484563725449
usa,ni_be,monthly,vw_cap,1,3039,1201,1979-10-31,0.00265275455681338
usa,ni_be,monthly,vw_cap,1,3020,1168,1979-11-30,0.0115107586141455
usa,ni_be,monthly,vw_cap,1,3008,1169,1979-12-31,0.0142306040822371
usa,ni_be,monthly,vw_cap,1,2975,1149,1980-01-31,-0.00800066551869366
usa,ni_be,monthly,vw_cap,1,2987,1126,1980-02-29,-0.00790580574611149
usa,ni_be,monthly,vw_cap,1,2984,1137,1980-03-31,0.0162797487387659
usa,ni_be,monthly,vw_cap,1,2985,1127,1980-04-30,-0.0313212469098651
usa,ni_be,monthly,vw_cap,1,3008,1117,1980-05-31,0.00585889937061802
usa,ni_be,monthly,vw_cap,1,2993,1111,1980-06-30,0.00867667394998417
usa,ni_be,monthly,vw_cap,1,3011,1126,1980-07-31,0.0519584160975287
usa,ni_be,monthly,vw_cap,1,3030,1106,1980-08-31,0.020150457851936
usa,ni_be,monthly,vw_cap,1,3030,1103,1980-09-30,0.0393086908579565
usa,ni_be,monthly,vw_cap,1,3020,1097,1980-10-31,0.00534989166248186
usa,ni_be,monthly,vw_cap,1,3045,1128,1980-11-30,0.049480975358049
usa,ni_be,monthly,vw_cap,1,3050,1106,1980-12-31,-0.0126591182523346
usa,ni_be,monthly,vw_cap,1,3081,1105,1981-01-31,-0.0429007087570099
usa,ni_be,monthly,vw_cap,1,3116,1120,1981-02-28,-0.00570370063346135
usa,ni_be,monthly,vw_cap,1,3114,1108,1981-03-31,-0.00739445132596776
usa,ni_be,monthly,vw_cap,1,3122,1102,1981-04-30,0.00620015671666968
usa,ni_be,monthly,vw_cap,1,3180,1139,1981-05-31,0.00592187536784812
usa,ni_be,monthly,vw_cap,1,3191,1151,1981-06-30,-0.0207128019521491
usa,ni_be,monthly,vw_cap,1,3218,1169,1981-07-31,0.0167911403055727
usa,ni_be,monthly,vw_cap,1,3258,1172,1981-08-31,-0.00436538658654011
usa,ni_be,monthly,vw_cap,1,3262,1190,1981-09-30,0.00323687128739086
usa,ni_be,monthly,vw_cap,1,3269,1178,1981-10-31,0.0361775856081995
usa,ni_be,monthly,vw_cap,1,3270,1156,1981-11-30,-0.02124909887449
usa,ni_be,monthly,vw_cap,1,3275,1169,1981-12-31,0.00312727068748076
usa,ni_be,monthly,vw_cap,1,3285,1160,1982-01-31,-0.013537634922935
usa,ni_be,monthly,vw_cap,1,3309,1153,1982-02-28,-0.0227294419872079
usa,ni_be,monthly,vw_cap,1,3304,1156,1982-03-31,-0.0134458696494976
usa,ni_be,monthly,vw_cap,1,3314,1154,1982-04-30,0.00584197680235663
usa,ni_be,monthly,vw_cap,1,3362,1122,1982-05-31,-0.00167468605807259
usa,ni_be,monthly,vw_cap,1,3352,1119,1982-06-30,-0.00191333142387665
usa,ni_be,monthly,vw_cap,1,3331,1116,1982-07-31,-0.00228507189472434
usa,ni_be,monthly,vw_cap,1,3350,1081,1982-08-31,-0.0220894884693184
usa,ni_be,monthly,vw_cap,1,3348,1063,1982-09-30,0.016013271399401
usa,ni_be,monthly,vw_cap,1,3352,1081,1982-10-31,0.00339335382558101
usa,ni_be,monthly,vw_cap,1,3372,1051,1982-11-30,0.0117427744915988
usa,ni_be,monthly,vw_cap,1,3405,1046,1982-12-31,-0.00706162151236781
usa,ni_be,monthly,vw_cap,1,3396,1029,1983-01-31,-0.0312897359550763
usa,ni_be,monthly,vw_cap,1,3394,1007,1983-02-28,0.00104693166895973
usa,ni_be,monthly,vw_cap,1,3405,982,1983-03-31,-0.00469747941455654
usa,ni_be,monthly,vw_cap,1,3405,985,1983-04-30,-0.00268996894602365
usa,ni_be,monthly,vw_cap,1,3492,1045,1983-05-31,-0.0238760620620291
usa,ni_be,monthly,vw_cap,1,3512,1060,1983-06-30,0.015535993822564
usa,ni_be,monthly,vw_cap,1,3516,1079,1983-07-31,-0.0158379622524496
usa,ni_be,monthly,vw_cap,1,3601,1132,1983-08-31,-0.0150310820233073
usa,ni_be,monthly,vw_cap,1,3640,1169,1983-09-30,0.0138966828376149
usa,ni_be,monthly,vw_cap,1,3668,1183,1983-10-31,-0.0000171181082787505
usa,ni_be,monthly,vw_cap,1,3682,1187,1983-11-30,-0.0125778475942627
usa,ni_be,monthly,vw_cap,1,3689,1176,1983-12-31,-0.0140327480001865
usa,ni_be,monthly,vw_cap,1,3709,1187,1984-01-31,-0.0239986827087452
usa,ni_be,monthly,vw_cap,1,3716,1190,1984-02-29,0.000532810023670158
usa,ni_be,monthly,vw_cap,1,3719,1205,1984-03-31,-0.0267995468335824
usa,ni_be,monthly,vw_cap,1,3706,1208,1984-04-30,0.0204945256777542
usa,ni_be,monthly,vw_cap,1,3787,1217,1984-05-31,0.0353554404399035
usa,ni_be,monthly,vw_cap,1,3796,1200,1984-06-30,0.0478923102525824
usa,ni_be,monthly,vw_cap,1,3779,1190,1984-07-31,0.0341806934117869
usa,ni_be,monthly,vw_cap,1,3868,1190,1984-08-31,-0.0136847273609964
usa,ni_be,monthly,vw_cap,1,3888,1195,1984-09-30,0.00534494720983469
usa,ni_be,monthly,vw_cap,1,3871,1188,1984-10-31,0.0213784198305745
usa,ni_be,monthly,vw_cap,1,3905,1185,1984-11-30,-0.00509560425672409
usa,ni_be,monthly,vw_cap,1,3922,1198,1984-12-31,0.0164534181553715
usa,ni_be,monthly,vw_cap,1,3917,1199,1985-01-31,0.000107453687085882
usa,ni_be,monthly,vw_cap,1,3906,1167,1985-02-28,0.0192316662548819
usa,ni_be,monthly,vw_cap,1,3892,1156,1985-03-31,-0.0133551297628947
usa,ni_be,monthly,vw_cap,1,3879,1160,1985-04-30,-0.00084835455282014
usa,ni_be,monthly,vw_cap,1,3937,1172,1985-05-31,0.0221280069351021
usa,ni_be,monthly,vw_cap,1,3912,1149,1985-06-30,0.0177547453221126
usa,ni_be,monthly,vw_cap,1,3925,1165,1985-07-31,-0.0144048310071561
usa,ni_be,monthly,vw_cap,1,3936,1154,1985-08-31,-0.00928370137172312
usa,ni_be,monthly,vw_cap,1,3933,1153,1985-09-30,0.00756719985750421
usa,ni_be,monthly,vw_cap,1,3924,1157,1985-10-31,0.0109565350944058
usa,ni_be,monthly,vw_cap,1,3916,1135,1985-11-30,0.0144131692865414
usa,ni_be,monthly,vw_cap,1,3913,1132,1985-12-31,0.0108873040635213
usa,ni_be,monthly,vw_cap,1,3882,1138,1986-01-31,0.00233416641212936
usa,ni_be,monthly,vw_cap,1,3845,1088,1986-02-28,0.0352529815245338
usa,ni_be,monthly,vw_cap,1,3866,1090,1986-03-31,0.0284161428526417
usa,ni_be,monthly,vw_cap,1,3853,1073,1986-04-30,0.0208947372515361
usa,ni_be,monthly,vw_cap,1,3925,1107,1986-05-31,0.0212747466793722
usa,ni_be,monthly,vw_cap,1,3939,1115,1986-06-30,0.0381367202243919
usa,ni_be,monthly,vw_cap,1,3958,1127,1986-07-31,0.00727033969250004
usa,ni_be,monthly,vw_cap,1,4005,1153,1986-08-31,-0.03850519544221
usa,ni_be,monthly,vw_cap,1,4029,1159,1986-09-30,-0.0415189268656384
usa,ni_be,monthly,vw_cap,1,4036,1173,1986-10-31,0.0164654947754665
usa,ni_be,monthly,vw_cap,1,4071,1167,1986-11-30,0.00771605430847182
usa,ni_be,monthly,vw_cap,1,4081,1187,1986-12-31,0.00192050199900627
usa,ni_be,monthly,vw_cap,1,4067,1189,1987-01-31,0.00456353173897642
usa,ni_be,monthly,vw_cap,1,4099,1179,1987-02-28,0.0157795300373254
usa,ni_be,monthly,vw_cap,1,4135,1196,1987-03-31,-0.0294721859332152
usa,ni_be,monthly,vw_cap,1,4129,1210,1987-04-30,-0.026002373988792
usa,ni_be,monthly,vw_cap,1,4166,1228,1987-05-31,-0.0101741559904371
usa,ni_be,monthly,vw_cap,1,4204,1240,1987-06-30,0.0177313447725431
usa,ni_be,monthly,vw_cap,1,4231,1243,1987-07-31,-0.0307108299490504
usa,ni_be,monthly,vw_cap,1,4237,1228,1987-08-31,0.0292873281236948
usa,ni_be,monthly,vw_cap,1,4251,1231,1987-09-30,-0.0226363974131454
usa,ni_be,monthly,vw_cap,1,4272,1242,1987-10-31,0.0273046310317605
usa,ni_be,monthly,vw_cap,1,4323,1262,1987-11-30,-0.0137030484801751
usa,ni_be,monthly,vw_cap,1,4303,1266,1987-12-31,0.0284722184607718
usa,ni_be,monthly,vw_cap,1,4295,1252,1988-01-31,-0.00665486629843916
usa,ni_be,monthly,vw_cap,1,4302,1214,1988-02-29,0.00198346428582794
usa,ni_be,monthly,vw_cap,1,4272,1200,1988-03-31,-0.0191752362151545
usa,ni_be,monthly,vw_cap,1,4233,1173,1988-04-30,-0.010850337792904
usa,ni_be,monthly,vw_cap,1,4272,1162,1988-05-31,-0.0106882495370565
usa,ni_be,monthly,vw_cap,1,4246,1159,1988-06-30,0.0052592671073139
usa,ni_be,monthly,vw_cap,1,4243,1153,1988-07-31,-0.00957350025280195
usa,ni_be,monthly,vw_cap,1,4250,1149,1988-08-31,-0.0133260207836983
usa,ni_be,monthly,vw_cap,1,4223,1138,1988-09-30,0.0158689481363855
usa,ni_be,monthly,vw_cap,1,4196,1121,1988-10-31,-0.00182632897695858
usa,ni_be,monthly,vw_cap,1,4221,1136,1988-11-30,-0.00924067755663425
usa,ni_be,monthly,vw_cap,1,4210,1118,1988-12-31,0.00898031469005851
usa,ni_be,monthly,vw_cap,1,4154,1116,1989-01-31,0.00208405681100241
usa,ni_be,monthly,vw_cap,1,4171,1120,1989-02-28,-0.0169178419180247
usa,ni_be,monthly,vw_cap,1,4140,1122,1989-03-31,0.000319571214023366
usa,ni_be,monthly,vw_cap,1,4117,1134,1989-04-30,0.00639252989297007
usa,ni_be,monthly,vw_cap,1,4172,1138,1989-05-31,0.00331443371328408
usa,ni_be,monthly,vw_cap,1,4133,1127,1989-06-30,-0.02556937319959
usa,ni_be,monthly,vw_cap,1,4101,1126,1989-07-31,0.0242167275098312
usa,ni_be,monthly,vw_cap,1,4131,1129,1989-08-31,0.00967017117843713
usa,ni_be,monthly,vw_cap,1,4125,1130,1989-09-30,0.00849281116956679
usa,ni_be,monthly,vw_cap,1,4101,1114,1989-10-31,0.00161190347092399
usa,ni_be,monthly,vw_cap,1,4093,1088,1989-11-30,-0.0112461649248682
usa,ni_be,monthly,vw_cap,1,4108,1101,1989-12-31,-0.00562512939228895
usa,ni_be,monthly,vw_cap,1,4094,1112,1990-01-31,-0.00649160782327871
usa,ni_be,monthly,vw_cap,1,4076,1101,1990-02-28,0.00018722674495913
usa,ni_be,monthly,vw_cap,1,4055,1092,1990-03-31,0.0219334610379166
usa,ni_be,monthly,vw_cap,1,4038,1089,1990-04-30,0.0198842937728215
usa,ni_be,monthly,vw_cap,1,4098,1104,1990-05-31,0.0269765475879023
usa,ni_be,monthly,vw_cap,1,4099,1102,1990-06-30,0.0117695589428057
usa,ni_be,monthly,vw_cap,1,4068,1103,1990-07-31,0.00148237934782841
usa,ni_be,monthly,vw_cap,1,4048,1106,1990-08-31,-0.0158263612695936
usa,ni_be,monthly,vw_cap,1,4034,1111,1990-09-30,-0.0114364737281708
usa,ni_be,monthly,vw_cap,1,4044,1137,1990-10-31,0.0205603933454837
usa,ni_be,monthly,vw_cap,1,4070,1160,1990-11-30,0.0419687114332044
usa,ni_be,monthly,vw_cap,1,4051,1141,1990-12-31,0.0334277785256484
usa,ni_be,monthly,vw_cap,1,4054,1145,1991-01-31,0.0401822854972649
usa,ni_be,monthly,vw_cap,1,4047,1139,1991-02-28,-0.00767102837271488
usa,ni_be,monthly,vw_cap,1,4019,1136,1991-03-31,0.0171411558400687
usa,ni_be,monthly,vw_cap,1,3985,1119,1991-04-30,-0.00184854603513462
usa,ni_be,monthly,vw_cap,1,3964,1144,1991-05-31,0.00100967028601771
usa,ni_be,monthly,vw_cap,1,3977,1140,1991-06-30,0.000319823157816639
usa,ni_be,monthly,vw_cap,1,3997,1167,1991-07-31,0.0161172908069586
usa,ni_be,monthly,vw_cap,1,3956,1155,1991-08-31,0.00741050225287086
usa,ni_be,monthly,vw_cap,1,3979,1175,1991-09-30,0.001058223985942
usa,ni_be,monthly,vw_cap,1,3962,1175,1991-10-31,-0.0139568528219342
usa,ni_be,monthly,vw_cap,1,3939,1184,1991-11-30,0.0305741943182387
usa,ni_be,monthly,vw_cap,1,3970,1201,1991-12-31,0.0489589684589166
usa,ni_be,monthly,vw_cap,1,3962,1203,1992-01-31,-0.0499713783231217
usa,ni_be,monthly,vw_cap,1,3941,1211,1992-02-29,-0.0161173428758086
usa,ni_be,monthly,vw_cap,1,3949,1216,1992-03-31,-0.0031945944292377
usa,ni_be,monthly,vw_cap,1,3951,1201,1992-04-30,-0.0184150800267253
usa,ni_be,monthly,vw_cap,1,4052,1257,1992-05-31,-0.0096172576082236
usa,ni_be,monthly,vw_cap,1,4021,1265,1992-06-30,0.00542522163514004
usa,ni_be,monthly,vw_cap,1,4012,1285,1992-07-31,0.0126019960270384
usa,ni_be,monthly,vw_cap,1,3988,1247,1992-08-31,0.0257225795240992
usa,ni_be,monthly,vw_cap,1,3968,1235,1992-09-30,0.0206696822991426
usa,ni_be,monthly,vw_cap,1,3978,1230,1992-10-31,0.0196741322402248
usa,ni_be,monthly,vw_cap,1,4048,1256,1992-11-30,0.0133194993333729
usa,ni_be,monthly,vw_cap,1,4033,1266,1992-12-31,-0.00692483523074937
usa,ni_be,monthly,vw_cap,1,4051,1271,1993-01-31,-0.0223168875093872
usa,ni_be,monthly,vw_cap,1,4072,1272,1993-02-28,-0.0334559734192894
usa,ni_be,monthly,vw_cap,1,4090,1280,1993-03-31,-0.00526637580848229
usa,ni_be,monthly,vw_cap,1,4113,1290,1993-04-30,-0.0358512435054166
usa,ni_be,monthly,vw_cap,1,4201,1308,1993-05-31,-0.00485314315720444
usa,ni_be,monthly,vw_cap,1,4208,1322,1993-06-30,-0.00221734567669193
usa,ni_be,monthly,vw_cap,1,4232,1341,1993-07-31,-0.0210090721288702
usa,ni_be,monthly,vw_cap,1,4328,1336,1993-08-31,-0.00665134542007421
usa,ni_be,monthly,vw_cap,1,4362,1353,1993-09-30,0.012492461581681
usa,ni_be,monthly,vw_cap,1,4356,1355,1993-10-31,-0.00816352869334636
usa,ni_be,monthly,vw_cap,1,4394,1373,1993-11-30,0.00875286869445802
usa,ni_be,monthly,vw_cap,1,4442,1384,1993-12-31,0.00616985101782648
usa,ni_be,monthly,vw_cap,1,4498,1399,1994-01-31,-0.0166354050143411
usa,ni_be,monthly,vw_cap,1,4553,1409,1994-02-28,0.0233857767703873
usa,ni_be,monthly,vw_cap,1,4575,1419,1994-03-31,0.0106989662794532
usa,ni_be,monthly,vw_cap,1,4588,1430,1994-04-30,0.00729408130235094
usa,ni_be,monthly,vw_cap,1,4904,1539,1994-05-31,0.00540648269006609
usa,ni_be,monthly,vw_cap,1,4922,1576,1994-06-30,-0.00847713311477407
usa,ni_be,monthly,vw_cap,1,4920,1575,1994-07-31,-0.0134331585756114
usa,ni_be,monthly,vw_cap,1,4979,1580,1994-08-31,0.015473416362625
usa,ni_be,monthly,vw_cap,1,4993,1578,1994-09-30,-0.0110014483528036
usa,ni_be,monthly,vw_cap,1,5007,1597,1994-10-31,0.00844140964637792
usa,ni_be,monthly,vw_cap,1,5050,1569,1994-11-30,0.00517660684929843
usa,ni_be,monthly,vw_cap,1,5050,1570,1994-12-31,0.0121183287217926
usa,ni_be,monthly,vw_cap,1,5032,1581,1995-01-31,-0.00166225012552896
usa,ni_be,monthly,vw_cap,1,5132,1675,1995-02-28,0.0155762694016709
usa,ni_be,monthly,vw_cap,1,5108,1677,1995-03-31,0.00765427975782438
usa,ni_be,monthly,vw_cap,1,5043,1672,1995-04-30,-0.000493890400367347
usa,ni_be,monthly,vw_cap,1,5098,1537,1995-05-31,0.00326424286601107
usa,ni_be,monthly,vw_cap,1,5098,1550,1995-06-30,0.00792644992569801
usa,ni_be,monthly,vw_cap,1,5048,1542,1995-07-31,0.0126791243527485
usa,ni_be,monthly,vw_cap,1,5119,1562,1995-08-31,-0.00755889447172049
usa,ni_be,monthly,vw_cap,1,5080,1575,1995-09-30,0.00535657191392624
usa,ni_be,monthly,vw_cap,1,5077,1584,1995-10-31,0.019633026524151
usa,ni_be,monthly,vw_cap,1,5089,1569,1995-11-30,0.00715510201779284
usa,ni_be,monthly,vw_cap,1,5102,1577,1995-12-31,-0.0257105358450708
usa,ni_be,monthly,vw_cap,1,5112,1609,1996-01-31,0.00416854658671261
usa,ni_be,monthly,vw_cap,1,5095,1600,1996-02-29,0.0179369971091702
usa,ni_be,monthly,vw_cap,1,5075,1587,1996-03-31,-0.00276543249820265
usa,ni_be,monthly,vw_cap,1,5051,1563,1996-04-30,0.001365321578225
usa,ni_be,monthly,vw_cap,1,5178,1586,1996-05-31,-0.00584834436540709
usa,ni_be,monthly,vw_cap,1,5174,1591,1996-06-30,0.00302961763749639
usa,ni_be,monthly,vw_cap,1,5204,1651,1996-07-31,0.0354182381530652
usa,ni_be,monthly,vw_cap,1,5361,1659,1996-08-31,0.000288441600778441
usa,ni_be,monthly,vw_cap,1,5360,1655,1996-09-30,0.0256199401970962
usa,ni_be,monthly,vw_cap,1,5367,1663,1996-10-31,0.00847233513747006
usa,ni_be,monthly,vw_cap,1,5459,1658,1996-11-30,0.0330883511919374
usa,ni_be,monthly,vw_cap,1,5497,1680,1996-12-31,-0.0110156084569261
usa,ni_be,monthly,vw_cap,1,5487,1679,1997-01-31,0.0120394383911804
usa,ni_be,monthly,vw_cap,1,5531,1650,1997-02-28,0.0102832105968731
usa,ni_be,monthly,vw_cap,1,5546,1633,1997-03-31,0.00358828952418869
usa,ni_be,monthly,vw_cap,1,5544,1624,1997-04-30,0.0552345280765604
usa,ni_be,monthly,vw_cap,1,5659,1631,1997-05-31,-0.007347015011602
usa,ni_be,monthly,vw_cap,1,5645,1627,1997-06-30,0.0187559472469819
usa,ni_be,monthly,vw_cap,1,5631,1634,1997-07-31,0.020198945972601
usa,ni_be,monthly,vw_cap,1,5605,1605,1997-08-31,-0.0268040972816076
usa,ni_be,monthly,vw_cap,1,5600,1610,1997-09-30,-0.00467905715496277
usa,ni_be,monthly,vw_cap,1,5585,1619,1997-10-31,0.0108727397974589
usa,ni_be,monthly,vw_cap,1,5615,1617,1997-11-30,0.0292849733734827
usa,ni_be,monthly,vw_cap,1,5660,1623,1997-12-31,0.00876910047873231
usa,ni_be,monthly,vw_cap,1,5587,1601,1998-01-31,-0.0038307441638275
usa,ni_be,monthly,vw_cap,1,5530,1578,1998-02-28,0.0138511082640629
usa,ni_be,monthly,vw_cap,1,5502,1590,1998-03-31,-0.0022959246623613
usa,ni_be,monthly,vw_cap,1,5459,1600,1998-04-30,0.00183007578912932
usa,ni_be,monthly,vw_cap,1,5437,1604,1998-05-31,0.0126770533566017
usa,ni_be,monthly,vw_cap,1,5456,1611,1998-06-30,-0.000588671091991586
usa,ni_be,monthly,vw_cap,1,5411,1619,1998-07-31,0.0118876096545742
usa,ni_be,monthly,vw_cap,1,5400,1605,1998-08-31,0.00626177253177282
usa,ni_be,monthly,vw_cap,1,5410,1578,1998-09-30,-0.0441677816006425
usa,ni_be,monthly,vw_cap,1,5335,1581,1998-10-31,0.0373838482574071
usa,ni_be,monthly,vw_cap,1,5296,1582,1998-11-30,0.00358585880366396
usa,ni_be,monthly,vw_cap,1,5238,1590,1998-12-31,0.0043864758457603
usa,ni_be,monthly,vw_cap,1,5141,1571,1999-01-31,-0.0375998518473747
usa,ni_be,monthly,vw_cap,1,5061,1566,1999-02-28,0.0243594599170782
usa,ni_be,monthly,vw_cap,1,5041,1577,1999-03-31,-0.0338112765152644
usa,ni_be,monthly,vw_cap,1,4948,1565,1999-04-30,-0.02175062741211
usa,ni_be,monthly,vw_cap,1,4906,1552,1999-05-31,0.000620672868938733
usa,ni_be,monthly,vw_cap,1,4874,1539,1999-06-30,-0.00524344021187143
usa,ni_be,monthly,vw_cap,1,4819,1560,1999-07-31,0.00252485867326022
usa,ni_be,monthly,vw_cap,1,4786,1549,1999-08-31,-0.0193576819161649
usa,ni_be,monthly,vw_cap,1,4747,1550,1999-09-30,-0.0211474722604073
usa,ni_be,monthly,vw_cap,1,4689,1569,1999-10-31,0.0121305904386869
usa,ni_be,monthly,vw_cap,1,4655,1592,1999-11-30,-0.0740805992000101
usa,ni_be,monthly,vw_cap,1,4588,1633,1999-12-31,-0.114598592078946
usa,ni_be,monthly,vw_cap,1,4430,1644,2000-01-31,-0.0675342552425582
usa,ni_be,monthly,vw_cap,1,4417,1698,2000-02-29,-0.180498645222526
usa,ni_be,monthly,vw_cap,1,4300,1751,2000-03-31,0.186322320072602
usa,ni_be,monthly,vw_cap,1,4283,1737,2000-04-30,0.157560744243539
usa,ni_be,monthly,vw_cap,1,4455,1674,2000-05-31,0.102663273414414
usa,ni_be,monthly,vw_cap,1,4521,1625,2000-06-30,-0.153416182014197
usa,ni_be,monthly,vw_cap,1,4434,1629,2000-07-31,0.087001999887685
usa,ni_be,monthly,vw_cap,1,4521,1632,2000-08-31,-0.0177725627115968
usa,ni_be,monthly,vw_cap,1,4498,1630,2000-09-30,0.0668642337818163
usa,ni_be,monthly,vw_cap,1,4501,1595,2000-10-31,0.116609701571494
usa,ni_be,monthly,vw_cap,1,4516,1555,2000-11-30,0.168665777570719
usa,ni_be,monthly,vw_cap,1,4606,1483,2000-12-31,0.0277091441556914
usa,ni_be,monthly,vw_cap,1,4597,1439,2001-01-31,-0.0602557565943843
usa,ni_be,monthly,vw_cap,1,4582,1490,2001-02-28,0.114705550409946
usa,ni_be,monthly,vw_cap,1,4612,1433,2001-03-31,0.0895721731664277
usa,ni_be,monthly,vw_cap,1,4622,1380,2001-04-30,-0.0399201198663316
usa,ni_be,monthly,vw_cap,1,4535,1322,2001-05-31,-0.00692856754158362
usa,ni_be,monthly,vw_cap,1,4449,1345,2001-06-30,0.00650742237373026
usa,ni_be,monthly,vw_cap,1,4390,1334,2001-07-31,0.0741017153451139
usa,ni_be,monthly,vw_cap,1,4447,1295,2001-08-31,0.0355483820366966
usa,ni_be,monthly,vw_cap,1,4434,1275,2001-09-30,0.0586234454942057
usa,ni_be,monthly,vw_cap,1,4428,1259,2001-10-31,-0.0375584143889707
usa,ni_be,monthly,vw_cap,1,4367,1280,2001-11-30,-0.0436301506828592
usa,ni_be,monthly,vw_cap,1,4282,1287,2001-12-31,0.00316818076725604
usa,ni_be,monthly,vw_cap,1,4252,1293,2002-01-31,0.0418567411274114
usa,ni_be,monthly,vw_cap,1,4156,1273,2002-02-28,0.0802135684732679
usa,ni_be,monthly,vw_cap,1,4197,1237,2002-03-31,-0.0258901296328742
usa,ni_be,monthly,vw_cap,1,4166,1232,2002-04-30,0.0616604282879726
usa,ni_be,monthly,vw_cap,1,4122,1256,2002-05-31,0.038881963012773
usa,ni_be,monthly,vw_cap,1,4124,1234,2002-06-30,0.0705406189243923
usa,ni_be,monthly,vw_cap,1,4124,1201,2002-07-31,0.0559281140867265
usa,ni_be,monthly,vw_cap,1,4127,1204,2002-08-31,0.0147626996283197
usa,ni_be,monthly,vw_cap,1,4104,1204,2002-09-30,0.0493103594151707
usa,ni_be,monthly,vw_cap,1,4088,1179,2002-10-31,-0.0447358895033249
usa,ni_be,monthly,vw_cap,1,4079,1226,2002-11-30,-0.119711432600815
usa,ni_be,monthly,vw_cap,1,4009,1249,2002-12-31,0.0575891611093688
usa,ni_be,monthly,vw_cap,1,4021,1241,2003-01-31,-0.00326575214987839
usa,ni_be,monthly,vw_cap,1,3995,1229,2003-02-28,-0.000101669982850817
usa,ni_be,monthly,vw_cap,1,3932,1213,2003-03-31,0.0168907869944869
usa,ni_be,monthly,vw_cap,1,3881,1199,2003-04-30,-0.0296766337444671
usa,ni_be,monthly,vw_cap,1,3845,1204,2003-05-31,-0.0719862517568204
usa,ni_be,monthly,vw_cap,1,3804,1235,2003-06-30,0.00276283395524708
usa,ni_be,monthly,vw_cap,1,3748,1208,2003-07-31,-0.0115499941538237
usa,ni_be,monthly,vw_cap,1,3754,1221,2003-08-31,-0.0320673296868489
usa,ni_be,monthly,vw_cap,1,3723,1213,2003-09-30,0.0121666561024324
usa,ni_be,monthly,vw_cap,1,3700,1225,2003-10-31,-0.0181650021394908
usa,ni_be,monthly,vw_cap,1,3697,1236,2003-11-30,-0.00190820787273023
usa,ni_be,monthly,vw_cap,1,3689,1247,2003-12-31,-0.0246907840517384
usa,ni_be,monthly,vw_cap,1,3689,1230,2004-01-31,-0.0397902022792692
usa,ni_be,monthly,vw_cap,1,3695,1267,2004-02-29,0.0203896235199996
usa,ni_be,monthly,vw_cap,1,3706,1241,2004-03-31,0.0225547477958386
usa,ni_be,monthly,vw_cap,1,3698,1235,2004-04-30,0.0273841597420618
usa,ni_be,monthly,vw_cap,1,3712,1185,2004-05-31,-0.00513514151306347
usa,ni_be,monthly,vw_cap,1,3698,1177,2004-06-30,-0.00989774147753303
usa,ni_be,monthly,vw_cap,1,3706,1166,2004-07-31,0.0307267421865455
usa,ni_be,monthly,vw_cap,1,3784,1172,2004-08-31,0.0206809257741245
usa,ni_be,monthly,vw_cap,1,3750,1158,2004-09-30,-0.0115635484025535
usa,ni_be,monthly,vw_cap,1,3740,1161,2004-10-31,-0.00562424682316808
usa,ni_be,monthly,vw_cap,1,3787,1149,2004-11-30,-0.0179801837355393
usa,ni_be,monthly,vw_cap,1,3781,1136,2004-12-31,0.00573722955759661
usa,ni_be,monthly,vw_cap,1,3751,1136,2005-01-31,0.01997295612776
usa,ni_be,monthly,vw_cap,1,3797,1093,2005-02-28,0.00486106149230526
usa,ni_be,monthly,vw_cap,1,3777,1095,2005-03-31,0.0069189479026424
usa,ni_be,monthly,vw_cap,1,3762,1096,2005-04-30,0.00760156321269574
usa,ni_be,monthly,vw_cap,1,3831,1117,2005-05-31,-0.00376027873462908
usa,ni_be,monthly,vw_cap,1,3805,1112,2005-06-30,-0.00876041131885812
usa,ni_be,monthly,vw_cap,1,3795,1118,2005-07-31,-0.00581066911137565
usa,ni_be,monthly,vw_cap,1,3785,1069,2005-08-31,-0.0124719378033414
usa,ni_be,monthly,vw_cap,1,3745,1079,2005-09-30,-0.00737536012076276
usa,ni_be,monthly,vw_cap,1,3727,1090,2005-10-31,0.0197560380769721
usa,ni_be,monthly,vw_cap,1,3745,1077,2005-11-30,0.00614038401493419
usa,ni_be,monthly,vw_cap,1,3732,1056,2005-12-31,-0.00968708410683569
usa,ni_be,monthly,vw_cap,1,3724,1074,2006-01-31,-0.017801642634967
usa,ni_be,monthly,vw_cap,1,3713,1052,2006-02-28,-0.00194221836546196
usa,ni_be,monthly,vw_cap,1,3684,1055,2006-03-31,0.000130125644680738
usa,ni_be,monthly,vw_cap,1,3677,1051,2006-04-30,0.002449809611216
usa,ni_be,monthly,vw_cap,1,3659,1052,2006-05-31,-0.000843963056824181
usa,ni_be,monthly,vw_cap,1,3650,1045,2006-06-30,0.0126445172480604
usa,ni_be,monthly,vw_cap,1,3654,1048,2006-07-31,0.00206849791679721
usa,ni_be,monthly,vw_cap,1,3693,1060,2006-08-31,-0.0206455094110391
usa,ni_be,monthly,vw_cap,1,3655,1069,2006-09-30,0.0159506492021118
usa,ni_be,monthly,vw_cap,1,3667,1050,2006-10-31,-0.00149515037536004
usa,ni_be,monthly,vw_cap,1,3718,1043,2006-11-30,-0.00521983206417052
usa,ni_be,monthly,vw_cap,1,3683,1048,2006-12-31,-0.00339269456936562
usa,ni_be,monthly,vw_cap,1,3675,1048,2007-01-31,0.00591183079115354
usa,ni_be,monthly,vw_cap,1,3651,1024,2007-02-28,-0.011018401986767
usa,ni_be,monthly,vw_cap,1,3634,1026,2007-03-31,0.00608510271168159
usa,ni_be,monthly,vw_cap,1,3620,1022,2007-04-30,0.0139007469553257
usa,ni_be,monthly,vw_cap,1,3635,1010,2007-05-31,0.0154810637969345
usa,ni_be,monthly,vw_cap,1,3625,1005,2007-06-30,0.0000895111932207541
usa,ni_be,monthly,vw_cap,1,3626,1010,2007-07-31,0.00800769739964244
usa,ni_be,monthly,vw_cap,1,3646,995,2007-08-31,0.0131153541027356
usa,ni_be,monthly,vw_cap,1,3633,990,2007-09-30,0.0033309839130225
usa,ni_be,monthly,vw_cap,1,3611,984,2007-10-31,-0.0174130462377019
usa,ni_be,monthly,vw_cap,1,3606,971,2007-11-30,0.0340111818666472
usa,ni_be,monthly,vw_cap,1,3592,978,2007-12-31,0.00832527168282902
usa,ni_be,monthly,vw_cap,1,3571,981,2008-01-31,-0.00113225228829461
usa,ni_be,monthly,vw_cap,1,3570,976,2008-02-29,0.0100970087184421
usa,ni_be,monthly,vw_cap,1,3575,975,2008-03-31,0.000917737221187372
usa,ni_be,monthly,vw_cap,1,3563,978,2008-04-30,0.013673341441081
usa,ni_be,monthly,vw_cap,1,3632,1004,2008-05-31,0.00616129771209192
usa,ni_be,monthly,vw_cap,1,3606,995,2008-06-30,0.0173973317510658
usa,ni_be,monthly,vw_cap,1,3572,993,2008-07-31,0.00819612833994902
usa,ni_be,monthly,vw_cap,1,3555,972,2008-08-31,-0.000241445917903829
usa,ni_be,monthly,vw_cap,1,3546,967,2008-09-30,-0.00046287887335672
usa,ni_be,monthly,vw_cap,1,3531,963,2008-10-31,0.0314189458462157
usa,ni_be,monthly,vw_cap,1,3543,968,2008-11-30,0.0208434094602768
usa,ni_be,monthly,vw_cap,1,3533,981,2008-12-31,0.00126166953318289
usa,ni_be,monthly,vw_cap,1,3505,971,2009-01-31,0.0233990341061884
usa,ni_be,monthly,vw_cap,1,3504,956,2009-02-28,0.0265884536109731
usa,ni_be,monthly,vw_cap,1,3463,962,2009-03-31,-0.0269925440312717
usa,ni_be,monthly,vw_cap,1,3419,963,2009-04-30,-0.0272980253222675
usa,ni_be,monthly,vw_cap,1,3330,931,2009-05-31,-0.0207235608779685
usa,ni_be,monthly,vw_cap,1,3280,930,2009-06-30,-0.00151611455715978
usa,ni_be,monthly,vw_cap,1,3267,936,2009-07-31,-0.0311793817903781
usa,ni_be,monthly,vw_cap,1,3226,931,2009-08-31,-0.035028274517313
usa,ni_be,monthly,vw_cap,1,3185,935,2009-09-30,-0.0185568194657663
usa,ni_be,monthly,vw_cap,1,3168,952,2009-10-31,0.0519650332589189
usa,ni_be,monthly,vw_cap,1,3243,976,2009-11-30,0.0047000999055028
usa,ni_be,monthly,vw_cap,1,3224,969,2009-12-31,-0.030779760134465
usa,ni_be,monthly,vw_cap,1,3191,983,2010-01-31,0.000629743885101813
usa,ni_be,monthly,vw_cap,1,3215,1010,2010-02-28,-0.0123412558381447
usa,ni_be,monthly,vw_cap,1,3197,1016,2010-03-31,-0.0255195769380684
usa,ni_be,monthly,vw_cap,1,3172,1022,2010-04-30,-0.0330140799424073
usa,ni_be,monthly,vw_cap,1,3236,1020,2010-05-31,0.0250809284944373
usa,ni_be,monthly,vw_cap,1,3213,1010,2010-06-30,0.0317647691229035
usa,ni_be,monthly,vw_cap,1,3221,1019,2010-07-31,-0.0124161949683741
usa,ni_be,monthly,vw_cap,1,3238,1028,2010-08-31,0.0216174922416519
usa,ni_be,monthly,vw_cap,1,3245,1028,2010-09-30,-0.0112574066104558
usa,ni_be,monthly,vw_cap,1,3227,1034,2010-10-31,-0.000644956366617641
usa,ni_be,monthly,vw_cap,1,3212,999,2010-11-30,-0.00450157538318686
usa,ni_be,monthly,vw_cap,1,3175,986,2010-12-31,-0.0423383294988714
usa,ni_be,monthly,vw_cap,1,3157,1002,2011-01-31,0.00359623746198514
usa,ni_be,monthly,vw_cap,1,3175,1011,2011-02-28,-0.00932927039486235
usa,ni_be,monthly,vw_cap,1,3169,1020,2011-03-31,0.00424235706368221
usa,ni_be,monthly,vw_cap,1,3147,1010,2011-04-30,0.0139468539756827
usa,ni_be,monthly,vw_cap,1,3119,1004,2011-05-31,0.0142428504589331
usa,ni_be,monthly,vw_cap,1,3112,982,2011-06-30,0.020795317418737
usa,ni_be,monthly,vw_cap,1,3101,974,2011-07-31,-0.00464240020621772
usa,ni_be,monthly,vw_cap,1,3129,986,2011-08-31,0.0362893279523905
usa,ni_be,monthly,vw_cap,1,3119,982,2011-09-30,0.0334636222622151
usa,ni_be,monthly,vw_cap,1,3129,974,2011-10-31,-0.0145781323767873
usa,ni_be,monthly,vw_cap,1,3148,980,2011-11-30,-0.000580533498641122
usa,ni_be,monthly,vw_cap,1,3141,964,2011-12-31,0.00189557705235644
usa,ni_be,monthly,vw_cap,1,3124,963,2012-01-31,0.00511723581076919
usa,ni_be,monthly,vw_cap,1,3114,934,2012-02-29,-0.00751117843009722
usa,ni_be,monthly,vw_cap,1,3105,935,2012-03-31,0.00982787577965743
usa,ni_be,monthly,vw_cap,1,3104,938,2012-04-30,0.00473004647914232
usa,ni_be,monthly,vw_cap,1,3055,935,2012-05-31,-0.00328978377430435
usa,ni_be,monthly,vw_cap,1,3055,940,2012-06-30,-0.0191253197179693
usa,ni_be,monthly,vw_cap,1,3032,949,2012-07-31,0.00222393763038502
usa,ni_be,monthly,vw_cap,1,3050,956,2012-08-31,-0.000696432733988096
usa,ni_be,monthly,vw_cap,1,3037,947,2012-09-30,-0.0156047797296335
usa,ni_be,monthly,vw_cap,1,3008,943,2012-10-31,-0.00305602153047745
usa,ni_be,monthly,vw_cap,1,3029,941,2012-11-30,0.0160362715130651
usa,ni_be,monthly,vw_cap,1,3015,938,2012-12-31,-0.010894419172557
usa,ni_be,monthly,vw_cap,1,2996,938,2013-01-31,-0.00171656037648466
usa,ni_be,monthly,vw_cap,1,2952,921,2013-02-28,0.00719784902721054
usa,ni_be,monthly,vw_cap,1,2951,921,2013-03-31,-0.00706186000614122
usa,ni_be,monthly,vw_cap,1,2954,917,2013-04-30,0.00542041034639499
usa,ni_be,monthly,vw_cap,1,2908,893,2013-05-31,0.00245342367319553
usa,ni_be,monthly,vw_cap,1,2877,889,2013-06-30,-0.00129622520860362
usa,ni_be,monthly,vw_cap,1,2868,889,2013-07-31,-0.00814604384179595
usa,ni_be,monthly,vw_cap,1,2864,881,2013-08-31,-0.00499124031383036
usa,ni_be,monthly,vw_cap,1,2858,883,2013-09-30,0.00649526617958707
usa,ni_be,monthly,vw_cap,1,2865,883,2013-10-31,0.0116765629568675
usa,ni_be,monthly,vw_cap,1,2905,908,2013-11-30,0.0100594570147521
usa,ni_be,monthly,vw_cap,1,2914,912,2013-12-31,-0.00223788943277985
usa,ni_be,monthly,vw_cap,1,2898,907,2014-01-31,-0.0340895865225856
usa,ni_be,monthly,vw_cap,1,2911,909,2014-02-28,-0.000151829168025114
usa,ni_be,monthly,vw_cap,1,2893,911,2014-03-31,0.0234919089469789
usa,ni_be,monthly,vw_cap,1,2892,899,2014-04-30,0.0150525323503855
usa,ni_be,monthly,vw_cap,1,2910,892,2014-05-31,0.00816410830766753
usa,ni_be,monthly,vw_cap,1,2938,905,2014-06-30,-0.0329940992148834
usa,ni_be,monthly,vw_cap,1,2931,915,2014-07-31,0.0168286446340672
usa,ni_be,monthly,vw_cap,1,3007,925,2014-08-31,0.000229928035085945
usa,ni_be,monthly,vw_cap,1,3003,920,2014-09-30,0.0235924788109932
usa,ni_be,monthly,vw_cap,1,2990,929,2014-10-31,0.0259658689116553
usa,ni_be,monthly,vw_cap,1,3022,923,2014-11-30,0.0394070604427878
usa,ni_be,monthly,vw_cap,1,3017,936,2014-12-31,-0.00739364988229194
usa,ni_be,monthly,vw_cap,1,2999,933,2015-01-31,-0.0119535599067727
usa,ni_be,monthly,vw_cap,1,3040,921,2015-02-28,0.000756058053654224
usa,ni_be,monthly,vw_cap,1,3019,921,2015-03-31,0.00571557304043512
usa,ni_be,monthly,vw_cap,1,3026,920,2015-04-30,-0.012982361683744
usa,ni_be,monthly,vw_cap,1,3023,922,2015-05-31,-0.00899319381661868
usa,ni_be,monthly,vw_cap,1,3009,922,2015-06-30,0.00621173369768553
usa,ni_be,monthly,vw_cap,1,2999,925,2015-07-31,0.0238438323338688
usa,ni_be,monthly,vw_cap,1,3005,924,2015-08-31,0.00511711521189575
usa,ni_be,monthly,vw_cap,1,3007,928,2015-09-30,0.0370560657156603
usa,ni_be,monthly,vw_cap,1,3012,920,2015-10-31,0.00636925337612725
usa,ni_be,monthly,vw_cap,1,3004,921,2015-11-30,-0.00902470681997668
usa,ni_be,monthly,vw_cap,1,2992,932,2015-12-31,0.0111616952703436
usa,ni_be,monthly,vw_cap,1,2971,936,2016-01-31,0.0432653745145058
usa,ni_be,monthly,vw_cap,1,2948,911,2016-02-29,0.0154703838602611
usa,ni_be,monthly,vw_cap,1,2933,906,2016-03-31,-0.0221221989613174
usa,ni_be,monthly,vw_cap,1,2922,901,2016-04-30,-0.0548778180059542
usa,ni_be,monthly,vw_cap,1,2873,874,2016-05-31,0.00704278890100659
usa,ni_be,monthly,vw_cap,1,2868,873,2016-06-30,-0.0169011212096343
usa,ni_be,monthly,vw_cap,1,2856,873,2016-07-31,-0.0043255435159292
usa,ni_be,monthly,vw_cap,1,2847,883,2016-08-31,-0.000586663361912849
usa,ni_be,monthly,vw_cap,1,2835,879,2016-09-30,-0.0359048191794045
usa,ni_be,monthly,vw_cap,1,2809,875,2016-10-31,0.0260493874555926
usa,ni_be,monthly,vw_cap,1,2853,881,2016-11-30,-0.0071876444497401
usa,ni_be,monthly,vw_cap,1,2843,878,2016-12-31,0.0111406840593988
usa,ni_be,monthly,vw_cap,1,2852,868,2017-01-31,-0.0165210987245182
usa,ni_be,monthly,vw_cap,1,2838,851,2017-02-28,0.0239451231573411
usa,ni_be,monthly,vw_cap,1,2834,852,2017-03-31,0.0092387602431641
usa,ni_be,monthly,vw_cap,1,2839,873,2017-04-30,0.0163876810445952
usa,ni_be,monthly,vw_cap,1,2811,862,2017-05-31,0.0183730233876528
usa,ni_be,monthly,vw_cap,1,2797,850,2017-06-30,0.00244975529920578
usa,ni_be,monthly,vw_cap,1,2791,858,2017-07-31,-0.0115384770828574
usa,ni_be,monthly,vw_cap,1,2826,872,2017-08-31,0.00549064449407655
usa,ni_be,monthly,vw_cap,1,2815,885,2017-09-30,-0.0117059739148521
usa,ni_be,monthly,vw_cap,1,2794,872,2017-10-31,0.0108823646825312
usa,ni_be,monthly,vw_cap,1,2824,869,2017-11-30,0.0234676719874086
usa,ni_be,monthly,vw_cap,1,2820,873,2017-12-31,-0.00221795580716752
usa,ni_be,monthly,vw_cap,1,2807,871,2018-01-31,0.0168353333854282
usa,ni_be,monthly,vw_cap,1,2798,859,2018-02-28,-0.000832211710612436
usa,ni_be,monthly,vw_cap,1,2790,863,2018-03-31,-0.0140160120395549
usa,ni_be,monthly,vw_cap,1,2800,859,2018-04-30,-0.0226367825849879
usa,ni_be,monthly,vw_cap,1,2848,855,2018-05-31,-0.0166456630475442
usa,ni_be,monthly,vw_cap,1,2821,857,2018-06-30,-0.0018879474420015
usa,ni_be,monthly,vw_cap,1,2819,861,2018-07-31,0.0158111877270015
usa,ni_be,monthly,vw_cap,1,2834,869,2018-08-31,-0.00672216277893493
usa,ni_be,monthly,vw_cap,1,2830,875,2018-09-30,-0.00060514673945666
usa,ni_be,monthly,vw_cap,1,2825,866,2018-10-31,0.0213305627272012
usa,ni_be,monthly,vw_cap,1,2842,859,2018-11-30,0.0240222783513872
usa,ni_be,monthly,vw_cap,1,2823,857,2018-12-31,0.0057401048203755
usa,ni_be,monthly,vw_cap,1,2809,858,2019-01-31,-0.021552747933638
usa,ni_be,monthly,vw_cap,1,2828,846,2019-02-28,-0.005777005528888
usa,ni_be,monthly,vw_cap,1,2826,840,2019-03-31,0.00134898795254809
usa,ni_be,monthly,vw_cap,1,2810,839,2019-04-30,0.0279761419893742
usa,ni_be,monthly,vw_cap,1,2824,849,2019-05-31,-0.00883416349803082
usa,ni_be,monthly,vw_cap,1,2823,872,2019-06-30,0.00543151924655087
usa,ni_be,monthly,vw_cap,1,2813,862,2019-07-31,0.00636374852617405
usa,ni_be,monthly,vw_cap,1,2837,875,2019-08-31,0.020616086936355
usa,ni_be,monthly,vw_cap,1,2838,888,2019-09-30,0.0314828824425161
usa,ni_be,monthly,vw_cap,1,2833,884,2019-10-31,0.0017175526278016
usa,ni_be,monthly,vw_cap,1,2881,884,2019-11-30,-0.0107987312730907
usa,ni_be,monthly,vw_cap,1,2876,892,2019-12-31,-0.0132049678565935
usa,ni_be,monthly,vw_cap,1,2844,881,2020-01-31,-0.0165604948981835
usa,ni_be,monthly,vw_cap,1,2843,892,2020-02-29,-0.0249351156457787
usa,ni_be,monthly,vw_cap,1,2842,895,2020-03-31,0.0387102835451763
usa,ni_be,monthly,vw_cap,1,2821,927,2020-04-30,-0.0489927383956969
usa,ni_be,monthly,vw_cap,1,2819,894,2020-05-31,-0.0290614766977844
usa,ni_be,monthly,vw_cap,1,2783,891,2020-06-30,-0.0348551963904645
usa,ni_be,monthly,vw_cap,1,2764,892,2020-07-31,-0.000385471823653595
usa,ni_be,monthly,vw_cap,1,2715,902,2020-08-31,-0.00553153188613596
usa,ni_be,monthly,vw_cap,1,2722,898,2020-09-30,0.00100148150918478
usa,ni_be,monthly,vw_cap,1,2720,898,2020-10-31,-0.00122938082455663
usa,ni_be,monthly,vw_cap,1,2758,929,2020-11-30,-0.099230579322694
usa,ni_be,monthly,vw_cap,1,2733,945,2020-12-31,-0.0385028313296511
usa,ni_be,monthly,vw_cap,1,2736,964,2021-01-31,-0.0627926520881898
usa,ni_be,monthly,vw_cap,1,2744,1004,2021-02-28,-0.0272902476523232
usa,ni_be,monthly,vw_cap,1,2753,1021,2021-03-31,0.0870456680349643
usa,ni_be,monthly,vw_cap,1,2775,1023,2021-04-30,0.0216262442203001
usa,ni_be,monthly,vw_cap,1,2847,1075,2021-05-31,0.0184670437309593
usa,ni_be,monthly,vw_cap,1,2866,1061,2021-06-30,-0.0373591769456449
usa,ni_be,monthly,vw_cap,1,2851,1080,2021-07-31,0.0830388389897646
usa,ni_be,monthly,vw_cap,1,2931,1062,2021-08-31,-0.00325171759218246
usa,ni_be,monthly,vw_cap,1,2928,1068,2021-09-30,-0.0243974674296948
usa,ni_be,monthly,vw_cap,1,2938,1077,2021-10-31,0.0140952882882823
usa,ni_be,monthly,vw_cap,1,2996,1081,2021-11-30,0.064679272409878
usa,ni_be,monthly,vw_cap,1,3019,1080,2021-12-31,0.0654039884459471
usa,ni_be,monthly,vw_cap,1,3029,1091,2022-01-31,0.0372113317916034
usa,ni_be,monthly,vw_cap,1,3117,1097,2022-02-28,-0.0120592142627303
usa,ni_be,monthly,vw_cap,1,3106,1089,2022-03-31,-0.0149141084093726
usa,ni_be,monthly,vw_cap,1,3091,1094,2022-04-30,0.0502500610012837
usa,ni_be,monthly,vw_cap,1,3242,1113,2022-05-31,0.0766755953770631
usa,ni_be,monthly,vw_cap,1,3242,1098,2022-06-30,-0.000266557151400115
usa,ni_be,monthly,vw_cap,1,3263,1092,2022-07-31,0.00491743379334891
usa,ni_be,monthly,vw_cap,1,3299,1093,2022-08-31,-0.0391485773370228
usa,ni_be,monthly,vw_cap,1,3299,1091,2022-09-30,0.00981102998526198
usa,ni_be,monthly,vw_cap,1,3291,1085,2022-10-31,0.0424451024272202
usa,ni_be,monthly,vw_cap,1,3323,1067,2022-11-30,0.0686398851109336
usa,ni_be,monthly,vw_cap,1,3323,1052,2022-12-31,0.00911308039135001
usa,ni_be,monthly,vw_cap,1,3307,1036,2023-01-31,-0.054262591396284
usa,ni_be,monthly,vw_cap,1,3337,1021,2023-02-28,0.0064635825566345
usa,ni_be,monthly,vw_cap,1,3334,1001,2023-03-31,-0.000548898491475949
usa,ni_be,monthly,vw_cap,1,3322,995,2023-04-30,0.020319529880502
usa,ni_be,monthly,vw_cap,1,3272,984,2023-05-31,-0.0683030957582771
usa,ni_be,monthly,vw_cap,1,3243,980,2023-06-30,0.0277811861989674
usa,ni_be,monthly,vw_cap,1,3250,964,2023-07-31,-0.00756830747203218
usa,ni_be,monthly,vw_cap,1,3244,968,2023-08-31,0.0468030223602256
usa,ni_be,monthly,vw_cap,1,3243,959,2023-09-30,0.0216123916385722
usa,ni_be,monthly,vw_cap,1,3253,944,2023-10-31,0.031332206845637
usa,ni_be,monthly,vw_cap,1,3303,926,2023-11-30,-0.0370042272674154
usa,ni_be,monthly,vw_cap,1,3291,929,2023-12-31,-0.0499864874478742
usa,ni_be,monthly,vw_cap,1,3270,941,2024-01-31,0.0315275332743882
usa,ni_be,monthly,vw_cap,1,3266,935,2024-02-29,0.0107467967915619
usa,ni_be,monthly,vw_cap,1,3253,936,2024-03-31,0.0204680471888649
usa,ni_be,monthly,vw_cap,1,3247,934,2024-04-30,0.013741634352862
usa,ni_be,monthly,vw_cap,1,3179,899,2024-05-31,0.00896436416984744
usa,ni_be,monthly,vw_cap,1,3175,897,2024-06-30,0.000692327049120938
usa,ni_be,monthly,vw_cap,1,3179,899,2024-07-31,-0.00957510024214447
usa,ni_be,monthly,vw_cap,1,3205,871,2024-08-31,0.0166705942290482
usa,ni_be,monthly,vw_cap,1,3191,878,2024-09-30,-0.00507051473048453
usa,ni_be,monthly,vw_cap,1,3193,875,2024-10-31,-0.00939132883989354
usa,ni_be,monthly,vw_cap,1,3200,880,2024-11-30,-0.0267982046755879
usa,ni_be,monthly,vw_cap,1,3190,868,2024-12-31,-0.0059267702760718
